2acc6aa7-18f1-4be9-87ed-ad4aae929751,To Read
c4c1f9eb-973e-4896-a995-b0e5301c561c,School Books
2a7551d2-3f88-4a74-9d62-8aad6a5da1f4,My Favorites
a46a8b1c-bcac-4fb6-9db8-8ea19039d3c8,Must-Read Books
7c4d4966-1b0c-4106-b8ea-b9f432f40da6,Books for the Soul
2a766e3f-53b5-45b9-8fcd-6cf4ea5b9111,Future Reads
1919d27d-3507-4aa0-bb28-4ebe444a5099,Books on My Shelf
a88d8aa8-6a38-4546-8ded-104ba37e731e,Reading List
e8b71331-2bf8-48f3-858a-09835279e0d4,Fiction Selections
7c4e6899-e321-4638-83a4-69d0bba6374e,Nonfiction Musts
00f6af3d-bf6a-4349-8c03-a94c38f66fd1,Classic Novels
71fa94b3-fd8e-4690-86b5-c734190fde33,Cozy Reads
10e1bb9c-72b0-470a-9312-212a5f321696,Summer Book List
c718f846-44b5-4eb0-9681-3f25bf6a3722,Winter Reads
e1fa9999-9950-49ff-8027-3fee315c48b8,Bucket List Books
bbb19044-52c1-44e5-aab8-c76084f4a9d8,Favorite Genres
821ddcfa-9ae9-4692-a865-9c07b1ee450c,Books Iâ€™ve Started
d513e10b-d7b7-4dc2-ab0c-e8558a65cae7,Books I Want to Finish
35f55525-d097-437d-88d1-83732673462e,Books I Own
19bbeb3a-9e2d-4d21-ba62-87437a2a97ce,Reading Goals
e4159e44-ec17-4cf7-8299-6c2d893aa56a,Next Up
ebce6f5e-8391-4601-823e-4f28b810bf6d,Books for Quiet Nights
29d4fc95-d110-4d80-8876-32fdf9632df3,Books for the Mind
73e35fa5-c1d5-46ec-8af4-cfa64208715e,Adventure Reads
5443fe78-ef7c-40a7-af0e-8daee1e81ece,Historical Fiction
cedfd293-1080-4e24-8e6c-22c0c8b4175d,Mystery Booklist
4019c162-f453-410e-987a-3dba65a12a45,Thrillers I Love
bf18771a-a994-4e2a-8165-643cbd98a35f,Sci-Fi Books
65f322ea-4320-41b4-8963-b4efd4b5de52,Fantasy Books
204eeae0-d41e-48cc-b3a5-156f08293409,Literary Gems
ec955c42-09d9-441a-9a9a-eab1e0e9fb2d,Books for Young Minds
6a9da80b-dd85-42af-9650-b3522834919f,Bestsellers to Read
fcd20199-b37c-482e-9e75-b56f05c1cd93,Books to Revisit
7ac6b750-23a4-473a-9e3c-fa94612c28be,Books for Relaxing
ab36a46f-08dc-429a-884e-1205c07593f0,Cozy Mysteries
05295cb9-4d6d-4348-8e3e-cb9a47badbe2,Books for Book Clubs
9669fc48-c02a-4335-9fb4-795e0e990f34,Fictional Worlds
ce1792c7-52db-4c17-9f60-13d8df074d82,Page-Turners
775fbd67-a158-47d2-99a0-32534ec8370b,Inspirational Books
c90717a7-a65c-46af-83ce-2f94ae4bc21f,Best of 2025
860ade40-1d84-4a67-bd1d-0da85a40ef7e,Books for Road Trips
47e93347-c7ce-40ea-9c0e-6658698ddc50,Weekend Reading
18b1f3cb-7ec6-421b-8321-8fc45dfc2fe4,Afternoon Books
65b609cb-65a9-4e6c-97b8-340344a3a6f1,Books Iâ€™ve Loved
4a4c4b63-eedc-45e6-ac6d-d6e7b6cfd2c7,Books to Gift
ba22a4ba-76e2-49c4-a3ae-ce01ba396dc7,Short Story Collections
4bdfb88d-398d-4692-b7f2-0d67acca4093,Unfinished Books
18bd091f-56a6-4b40-a952-8fa3d894fd04,Books Iâ€™ve Borrowed
90c053ca-f36e-40c0-90cf-d90bddc948a9,Reading in Progress
2653c096-a361-4bd5-88c2-4ad6ad869da9,Books by My Favorite Author
0f194088-ab73-47f9-843d-126c78745e37,Hidden Gems
3f43dd74-f1dc-4f76-8e01-8b5e75293035,Unread Books
fc58b62a-82b2-4854-acaa-c3af57650d69,Books from the Past
00283b81-c4ba-4048-8a90-6c84fff00ac5,Books Iâ€™ve Skipped
173fc2d4-a6b1-48d8-8ead-f1033a26009a,Great Sci-Fi
c57e0842-fcd6-4aee-8f4c-6653ce861892,Autobiographies to Enjoy
9162b3fd-6ab3-4752-92ba-de28a9caa0f2,Books Iâ€™ll Never Forget
a31847c3-2346-46c8-9f4d-c2c26bb6ab88,Books Iâ€™m Curious About
7df39a81-51d4-4104-9d3e-1ae7a3624da6,Fantasy Fiction
b55cf17a-14db-4d79-ac9c-9b39114c48b5,Storytelling at Its Best
52c50ca3-a67a-4793-9596-d1b37f8dc7d7,Books I Keep Coming Back To
59d62d71-8975-42a4-95f6-cf56603f1ec0,Books for Growth
223ff10c-0d80-4415-b2fd-735d83953aa2,Books for Dreamers
1f9731a3-29d2-41c1-bf98-032825e8562a,Heartwarming Reads
9088cf78-e125-49f3-a768-5edcc930271c,Books for Success
b87de692-03b9-416b-91ee-32ddb6ca5b31,New Releases to Check Out
c9593c26-0b3d-416a-aed3-00e1d608ea57,Fiction I Recommend
c6dbd01b-8fc3-49ab-8c99-79d776a03d51,Books to Take on Vacation
e88cf23e-a818-4489-9aec-609648011a34,The Best of Historical Fiction
19dfed80-6922-4aa1-b945-5883939028d0,Nonfiction Books to Know
db1262ff-e79f-4a7d-b9bc-8b0d249dd6b6,Memoirs to Read
494debfa-9eff-4e34-b219-6153419fc9b9,All-Time Favorites
5e7145dd-5972-41eb-9fb4-7434a260c912,Great Adventures
7018fe3b-e38f-4146-8ad1-8e26becf251d,Books to Study
1fabbb75-83d8-4ef2-8136-e6c2da26b7bf,Classics to Love
e2419767-c403-4e87-b5ad-af358138990b,Mystery Loversâ€™ List
84ee3cb6-5319-4d51-824f-1e1819974247,YA Fiction Musts
4e691a97-e4e6-41c4-9669-015b31464c7c,Books to Improve Yourself
524f19f9-076e-400f-9141-b20375051a54,Self-Help Books
48f0482b-e29d-4eb8-bb43-2cc2aa286537,Books to Challenge Me
e866bcd9-8617-4bf4-82d3-0e9e3e2a2bc3,Cozy Classics
6df36904-69f2-456c-ae58-79b0468da587,Books for Dark Nights
bbf1e0bf-1bcb-41f5-bc34-1e11c179cf94,Diverse Reads
ea3255b1-c999-4240-be67-12550c29cbea,The Best of Nonfiction
bf5d5c91-1002-44c6-ba85-e4831d1472f0,Classic Literature
d3f3526a-e19c-4a70-a721-56f92f312f1b,Books on the Bucket List
8608f43c-477d-40e8-a482-1d277ed5900d,Fiction for the Soul
3fa474e7-c637-4d95-997c-bdba3de0685c,Perfect for Book Clubs
24e9d82c-4e6f-41ac-9cb9-7c114d9217f1,Reading Marathon
4bd36ab3-351f-4855-ae2c-08b0ba74bd76,Must-Have Novels
6bb75fe6-905d-4458-be11-e0b902372ffd,Essential Reading
16175beb-8230-4165-a2ec-5cae5ff0e2e7,Fantasy Worlds
a183aab0-3e30-4a0d-bf5e-75bc0f40281b,Inspirational Reads
1b513915-37c7-4daf-8ead-0c417d026967,Deep Thinkersâ€™ Books
976bec65-8935-4149-b8be-13037c87d543,Hidden Treasure Books
0aafcad2-6269-439a-b84a-4a1a0855905b,Thought-Provoking Reads
69314791-f8e9-4399-9d26-d9715f07e373,New Fiction Finds
ac3e4c71-0744-440c-8038-0620c4be3505,Family-Friendly Books
66a2c4aa-1c63-4fe2-9fa0-cf30d3ca1945,Thoughtful Reads
36071196-0baf-4421-9a52-8d0297d0d700,Immersive Books
b4d86d78-0e67-49d7-80e4-94c87a231625,Short Reads
01856fcd-08ac-44c1-aeff-76e29de01af4,Books That Make Me Laugh
b6492917-7905-4ad0-8661-1780003b12db,Books That Make Me Cry
7b51d911-aa14-449c-9f82-c11debeb5738,Books to Share
0dc5ce19-191e-4f9d-8798-9b194a00efe2,Top Picks for Readers
d3eb1a80-6608-4596-805c-2572fffa32dc,Best of Fantasy
f10caae1-b1f2-4239-8319-3c2251335725,Next Read
3a1d2991-56b9-47d2-90c2-ee577f9b20eb,Books to Relax With
00bffc62-f228-4103-aad6-120bcc6c2b36,For the Dreamer in Me
37fefb1b-3b1e-4e20-b2ce-50d862688d09,Books to Savor
67822fba-e7ac-4629-a73a-e6fba388410c,Unforgettable Reads
798ee083-de9e-4934-8c74-608868bab2b9,Reading for the Mind
789237a1-0447-4b01-819f-3438afd70dce,Future Favorite Reads
4412d6a7-ea76-4796-84b7-2e094aa2930e,Books I Want to Own
960e575c-9ce2-4c9f-988c-c7c59bacc56f,History Loversâ€™ List
6a61d215-8a57-469b-b939-4f71202b8b41,Favorite Authorsâ€™ Works
f213c61f-4f7c-4d04-83b0-e35ccd45a40d,New Chapters
bc008711-b9d9-4794-8570-45eab6b3114f,Books for Writers
a6f6e247-4da8-4a08-9bc7-2c818f0b34e0,Mind-Bending Books
eb42d95d-c623-45ea-8551-a414971701c8,The Book Nook
62566e9f-719c-41ee-852e-6f0668310c97,Books to Re-Read
2bc90208-9f56-4d61-9e79-e94857d39b2f,Favorite Series
842454ea-52ea-4eb8-9d97-2f45921f9554,Unheard of Stories
f73c7c1e-33bc-44c9-bcc3-b8ffc63ae8c3,Must-Have Adventures
4d18d823-ea24-435f-9fa8-45ff7c8f97fd,For the Sci-Fi Fan
5bd161f3-c889-470f-bf8e-bc16583017a4,Page-Turners to Devour
78f4b13e-b1dd-4b1d-93f9-64acdf18588f,Books for All Ages
a9d54aae-66a1-436f-a5f0-af5b47d97e6a,The Ultimate Reading List
a905d16e-ee71-4633-824d-7fff147c3e61,Light and Easy Reads
a40963e1-1935-4651-92cb-509d9b15e1f0,Books That Inspire
db462317-1655-4306-8101-321d35fb0300,Books Iâ€™ll Recommend
36e73019-4ddd-4c14-8c41-83f83336d0bf,Curious Reads
78a8870c-5b4c-411d-a764-2404d2fbf1c4,Epic Novels
c46530d8-319e-41fb-a20e-a08dcadc636e,A Page a Day
8bb3a2d9-cd37-49ab-9253-ca10c07a427f,On My Bookshelf
0b2878c6-f81c-47d0-8ed2-449dc393b6f2,Bucket List of Books
56172760-c027-42c2-a264-85477e3bb13a,Future Book Choices
311ad9a3-0fdd-4c48-81bc-a178fe60a6ae,Books for Thoughtful Minds
d35c369e-a4c8-43bc-8467-9c831a98f8e0,The Greatest Books
3a0218d0-b9a9-4d4b-ad92-423b98f0c308,Must-Reads of the Year
78a88808-d04d-4408-93f4-b6a6e93f26c8,Books to Dive Into
daeb3054-9d5d-4476-9b4a-f63314b19b4c,Unfinished Business
63207121-65ff-4268-a75a-146ffd759e1c,Inspirational Novels
ed0ebb23-3a56-4011-ae1f-a0e46392a2cb,Literary Discoveries
73a0f845-4c87-492f-ad17-d357ac4c47ca,Books I Wish Iâ€™d Read Sooner
c27d566a-871f-482f-9780-9688ea44cb4f,My Book Collection
de8cc7d7-14ed-45a2-a50b-7c3eb409384d,Adventure Awaits
56ccae77-8e08-4d34-967b-093734f865bc,Recommended Fiction
8d7f244b-332a-43a7-9958-0d0787d04c7d,New and Noteworthy Books
8309f296-291b-43f9-989c-085173ff6912,Books for the Wanderer
f9d8b155-f9f3-45d2-9dee-397e4cfbdf02,Future Discoveries
eb998a23-767d-4e37-a5de-83daf5d41cbb,Thrills and Chills
e96f7ce0-9ca8-4a0a-8860-76905b275f52,Deep Dives into Fiction
f1d8981a-c444-485d-8c24-acecffba71e8,The Perfect Reading List
05ddf760-0bb3-4716-93e8-6fa4eb7dde1a,Bucket List Books to Enjoy
ab2ede16-6136-4004-97e5-dea2a7d8ef1e,Life-Changing Reads
f029be5e-9fe5-4aab-8752-bf8070a393b7,The Novel Collection
2814e27d-ef17-4dca-9780-4eee0c1a2424,Books for Contemplation
08c6638e-4a3f-4636-82ff-7787c1c55db8,Epic Fantasy
0e959b37-98bb-44ff-b393-d2f1d9d78395,Heartfelt Stories
ab3779bf-8500-4a45-882a-2b919b2b7c1e,Fiction to Devour
7dcb8d64-9c06-4238-bd93-d75971c1f124,Books for Quiet Moments
1e3eec13-76fb-4ecd-92df-5618b7ef6046,Great Historical Reads
a74e65c2-6916-4ad4-91b7-3190a817f84d,Fiction for All Seasons
52f07ed2-ba0c-4af5-a1c0-8f5839d94bc5,All About Books
50bbd435-9b39-4ed3-82db-77627e4b70d9,Books to Keep on Hand
179f02ca-8f9e-40e7-83f5-3fea5156946e,Books for Weekend Escapes
c113d165-ccdc-41b7-9c4e-1119affcb947,Books for a Rainy Day
6c5f2654-d3b6-4cb4-b5f7-8d8cee1811a6,Books to Take Anywhere
8d3e6c2b-36c8-45c3-b10c-96e596ca64ce,Favorite Nonfiction
19d2f068-a6a4-4925-8e75-2a9ebc535e6f,Famous Book Collections
af4e1f71-372a-4f0e-a2d7-6903d9d06485,Books Iâ€™m Looking Forward To
58109c22-5ea4-4738-ad11-a51f9483bf01,Genres I Love
235e0f0d-ff8a-4143-aa56-bf698528565c,Books on My Wishlist
96309c5e-ea71-4c50-8cf7-7ea7cd71f96c,Books Iâ€™ll Read This Year
82a13f41-d2b0-42fc-8f82-bd75a1844db4,Books for Creative Minds
d4a7f9c9-6dd4-40f4-a383-7b33d992e612,List of Favorite Reads
1f2bca3b-cea9-44db-94e6-854dcbd0ce1c,Great Adventures in Books
6e3ab32f-ef50-485c-873c-ff675c55b0a4,Books I Want to Finish
7ea6eb1d-1d9c-45fa-9402-b71d90c23f36,Books to Know
0fecfe48-c72c-44fe-adb8-b4aefb4f52d2,Books to Live By
c4371f8f-ebaa-4d15-9dcf-cc3b96b33a1d,Fiction to Remember
ff01dac1-959b-4d15-9cf2-9f0109357cdd,Must-Read Mysteries
11fc379b-77f8-4340-93d5-c94c7f2ae356,The Ultimate Shelf
7b2dcb1c-69d3-4a9a-9333-15c39611ee63,Top 100 Fiction
d2f4469c-ff2e-4bb5-bf0d-2fc710a2018d,For the Bookworm
9f19072b-274f-4f8b-aed6-0c01d4d9cfb7,Favorite Genres to Explore
1dd123e7-094a-48a8-b10d-f6385be0c899,Best Mystery Books
08e84891-7dd8-4c76-aaa2-c923b50e6e51,All-Time Favorite Stories
4817d1c2-8d50-447c-a108-07fa740588aa,Summer Reading Ideas
847564ed-e81c-409f-81e1-7253471a0533,Books Iâ€™ve Borrowed to Return
50a9da69-e8fc-4d1e-b56e-60e213375320,Classic Tales
f2805c2c-3def-44d6-8b92-5a8f96532d51,Must-Read Series
5cdb1ed1-a338-41fc-a76c-84f9b6f8f300,Books to Recommend to Friends
1b54b1fe-bbf3-498e-a031-28a71d5cdceb,Books You Canâ€™t Miss
40828c62-22be-4e59-88f9-9511a7195a03,Epic Book Adventures
6a9992aa-3dbb-476a-946b-8a74ebec74dd,Books for the Heart
e3fc1148-de80-4a23-a9ad-b0d4e8aeeaa0,Books for Relaxation
0f663886-73f2-4108-b578-dde5918f170f,Best Reads for Winter
0b566a07-aca1-4733-956c-d670523b7fc8,Book Recommendations
03e266f1-42b0-4899-beb8-af8f306cc76b,Books for Book Addicts
c1daec19-c412-4406-b299-fd4509ea24d5,Books to Keep You Up at Night
a0ade575-b2b8-4795-b56e-2e560ee22947,Fantastic Fantasy Finds
9b88fa4f-f1f2-47b3-8a5f-8f7b43dfa329,Seasonal Reading
2217fe40-a4ff-4136-9ddb-5ca857d17891,Time-Travel Tales
a557ebab-05fb-4cc2-8242-45b4e998d0e5,Historical Must-Reads
1c26ec1d-48e5-409d-852d-44abfa056844,Personal Book Collection
75c9ee65-20ed-4faf-980e-a94b468b796c,Books to Escape Into
9d217692-6e9b-4dab-b443-6e6641622b1f,Books to Improve Your Life
bc1c2c4e-ed40-4102-96fa-01143406da2b,Books for a Good Laugh
e72d922c-983d-4bd6-abe7-9013da85234e,My TBR Pile
dfef46ac-dafa-40db-94eb-abab1f6ba30b,Fiction to Feel
7008d8e7-1271-4dc6-95ff-106f20735d59,Books That Challenge My Thinking
f96e4423-3267-4430-9011-3d165a32b1d2,The Best Memoirs
93c40202-80df-4b85-93e4-1ddade76139c,Books Iâ€™d Like to Discuss
c26dd059-cd98-4803-8aa8-1cdd27f7d8e6,Adventure Reads for All Ages
1623a8ec-98db-42f7-a5f0-8dff0a12055e,Literary Favorites
9e4bb258-7a1a-46c1-861b-6ccaa74d09bd,Books for Dreaming
beb5314e-6595-43e7-89d8-43ac7409b11d,Must-Read Histories
9aa3183d-2db8-44c7-ae5f-5ea1aaa41d98,The Books You Need
e7db7698-892f-4da0-a11a-07534962ac92,Books for Every Mood
32ba4537-d1ae-4630-8b84-c655d0a5b9c8,Classic Must-Haves
37854682-54ee-484f-8303-c5e6703f7bc4,Reading for Personal Growth
faf73f77-bb90-4c74-b1bb-94f5cd174056,Favorite Fictional Worlds
dd1bb9f1-adf5-49e4-8a47-c58f7a2f29a4,Books to Get Lost In
05c4b4a7-7449-417b-8983-8e14c3fdc080,Books Youâ€™ll Love Forever
4912c9be-0829-455e-8059-c05ca806d076,Travel Books to Inspire
8ca8ce6d-5dd8-40c2-bb3f-0c36cd8d3007,A Journey Through Books
44215841-226b-4de7-8ece-2badee258a55,The Ultimate Book Collection
bfc89a5e-749f-4f81-a33d-d4a0f2e2f1f8,Favorite Reads of the Decade
013ce1b7-bf50-467f-b652-8261a523c5de,Fiction Youâ€™ll Enjoy
d90c7330-2a3d-4990-a5e7-ec3a38ee6b16,Books for Changing Your Life
4028bc5d-f5a7-476b-82e8-67b0c641cd5f,Novel Favorites
25fae459-f35c-408c-b46a-6687b0de0bac,Fun Fiction Selections
13057956-be3d-4023-9e6b-7b23e1a411f0,Books That Last
32692092-ea41-43b2-b096-574781304dd1,Books for Discovering New Worlds
a7e0c198-537c-4510-bade-099663f16c4a,Classic Adventures
135f116c-d45d-413b-a3c6-99efc6725b62,Exciting New Releases
35c11d60-a672-4146-9e3d-0d68689e79d6,The Essential Book List
c9b3dca5-f030-47c0-907e-ac14cfea836d,Books to Brighten Your Day
f01fdbe1-c481-45b2-a06a-9155142a1631,Books for the Adventurous Spirit
3e006ebd-ecde-4a84-8cda-9a3d1fd4046c,Great New Fiction
454d0f1d-ae30-416e-aae6-71f00a832c29,Books for Personal Development
b94a952e-6dbc-47ab-8f8a-6fd4e492a96d,Fantasy Selections
d93ac496-c50e-42d7-90bd-282837f43882,Historical Gems
0aaf690d-9a43-4af6-a15d-4c332f5f2c4b,The Best Fiction for You
de627988-00d1-4144-85bd-437aa018ad76,Unmissable Books
60900012-c80a-4d12-9ed8-7c4e5d28ff99,Endless Reading
b1c42d1d-e7f9-49c0-8e08-cd3b8dff186a,Books to Share with Loved Ones
45877cba-d9e6-406c-9384-baa200f248bb,The Bookwormâ€™s Treasure
fb7e6fa6-7449-4368-aca0-b689a6a48b2d,Books for Cozy Nights
d2669e30-f73a-4b9a-90a1-358f3216fff3,My Top Reads
e00a639d-ee96-4008-b889-a8fab2ac2a2f,Top Fiction to Read
c48b1954-6b0b-43fd-b3b7-a3a01f9d50d3,Must-Read Recommendations
1ea17c1d-f9e5-4b52-81f6-0c5b17864ef7,Books for the Curious Mind
f8258b5a-46a9-4e6a-bef5-fe94727c836d,The Perfect Book Collection
910a7d5f-1edf-4311-82b3-393004e2ee73,Adventure
ea419a8b-c8a8-408b-94b8-de41149a5f73,Mystery
a88659b8-ddd5-4a91-92e2-448fa4abdf7f,Romance
2887a7a3-639e-4fd8-9631-ef4799b55c95,Reading for Fun
f8fbbd87-1530-4b8c-b5c8-a76091dfb4f1,Books for a Lifetime
099efaf9-c79c-4c22-bf81-93ef3ccb7a69,Reading Dreams
667592a3-37c9-4dce-9620-8a0fe99e822f,Book Selections for Every Season
5631a273-ed86-4dc0-9cde-4567580c3e9b,Books I Canâ€™t Wait to Read
d8d4a4c6-1fd3-4161-97ac-230ae6b809f3,The Ultimate Fiction Guide
3b87c668-1d9e-42dd-b0f8-cb68f7fea1b9,Best Memoirs to Read
7bbd0691-e7af-422d-addf-78e8d24ed5e9,The Best Adventure Reads
d4e1962a-4262-4a30-947f-b25bb5cec0e3,The Greatest Literary Works
f31cf4e4-d082-4a5c-b928-10ac6ab31c5a,Book Loversâ€™ Picks
baf64219-907c-47e5-8722-144d6636082a,Books for Finding Inspiration
6a0a315b-84f7-4e61-8036-431d8ac033de,Must-Have Novels for 2025
445ea6fe-a18d-4eae-b4d2-85ec92873651,New and Exciting Reads
5fddf88c-a2e5-49dc-b437-aa72ae93b53f,Books Youâ€™ll Want to Read
07b4bef5-ee43-4325-a0c9-6f530f2f22fe,Favorite Short Story Collections
085c06d2-ab77-4b3b-8d10-1720217ef7bd,Adventure in Every Page
48f91d6e-c9dd-47c8-8fbc-c76f91240105,Curated Book List
160752bf-8d3d-4409-96e2-131ff1312dd6,Favorites on My Bookshelf
b49515da-3fe5-43a2-8d78-203c2bb31e1b,Fiction I Canâ€™t Wait to Finish
8965ca11-cdcf-4202-9d6d-6f879dfed617,The Best of Classic Literature
f8b75bd0-2716-4376-9b92-dfb601833e5f,Books for Escaping Reality
a05530ad-735e-4600-8166-41df4b6a501e,The Fantasy Collection
9b88c4cf-92ad-4737-b657-ab99c5faf683,Recommended Book Selections
848a950b-deb5-4826-a7bb-9be5f82b8c1b,Fiction for Reflection
fdf7090c-d201-429d-9f63-f3c8f234f8e4,A World of Books
391dc178-0a6f-4896-aa68-3b04114135ae,Best Books of the Year
4f0bc562-0002-4b57-8051-60e0ecf23f8b,Genres to Explore
46589519-44fc-428e-aeae-69e7c0a12e7e,My Next Read
8cd5213c-0b89-408d-b184-50026a8ccd50,The Books That Stay
b9688aa8-af04-47a0-8f22-72383d7c6732,Timeless Fiction
fd406edd-80ff-45ff-bbf1-2953ce6ff37d,Curated for Book Lovers
45a3fb28-44b3-4a46-abf0-b3adc8bf15fc,Hidden Gem Reads
0fde7ff8-9434-4d52-aca9-9c59696f5dea,Fiction to Cherish
94b02bef-3110-43a6-a851-a296f0c539ce,The Ultimate Literary Collection
f0a66d75-ff9a-4143-91bb-ff8dec6445a0,Books That Make You Think
5ea4f9f2-70a5-4d7b-8ea9-323983191b17,Best Fantasy Worlds
5d4dcf73-8dc6-4b0f-afb9-5d59bb14a817,Reading Adventure Awaits
b659d296-d157-438a-a2c8-bdb5a35f3703,My Book Picks
b574404f-6c68-456a-a5c4-2fae80ae927c,Books That Take You Places
e0b9dac6-f9b9-427e-8196-002782a0c34a,Memoirs You Must Read
7f9f8abf-587a-4bc9-b160-3987b8c397e3,Books for Exploring New Ideas
3e41ff47-4b64-4dda-8e65-82729ede1047,Collection of Literary Masterpieces
44fb3159-0eb9-4d62-8080-5db7b0f33b6e,Top Books to Read Before You Die
09660034-023b-4601-be30-5ead0e564702,The Ultimate Reading Adventure
66cdf8e1-5560-4757-b9c8-b7b013cac1f5,Personal Book Recommendations
6be114f7-82f9-4e01-aa4e-5a971cfe0926,Books to Broaden Your Horizons
33f81299-7c84-41ee-ac8f-4a5c3fe411ad,Great Books You Canâ€™t Miss
bd411dfb-f465-498a-a630-96f4e9ab8cd1,Journey of the Mind Through Books
1569468b-e794-4a19-8866-169b90f3bce9,Must-Read Short Stories
9ef2eebb-9735-4f3a-86e0-96c5fc0a5467,Fictional Worlds to Discover
18f41a90-9e4e-4521-8d67-2bdc4c519907,Top Books for Thought
a86d1648-b156-4476-bc0e-4333cc2fe72a,Books to Inspire You
853885e4-ba87-4bb4-8f79-7ba708068138,The Adventure List
7547182d-8907-48ee-b971-0aa20d879192,Hidden Fiction Gems
291797d1-604a-46b1-b06a-30c31ebf96b6,Books to Broaden Your Imagination
ce6221f2-3a31-4aa0-906f-c3c17fa55503,Discover New Realms
fb95350b-d47a-4e57-b541-14ff298f3321,Top Choices for Book Lovers
c4005d63-ff8e-4423-8a29-858eece310c5,Best Books for the Curious
cf87c86c-470f-491f-9f13-150a5fb8d8d0,The Perfect Fiction List
85d781a8-ebe8-44c5-9415-682a79d09677,Dreamy Book Picks
dfaab114-b7b9-447f-9e6e-e268b317feb2,Books You Wonâ€™t Forget
4acc3a90-ee5c-4a14-aa5c-f47b990a157e,Fiction You Need to Read
d87f2567-8928-465f-bd1c-e3a8ba3ec836,Top Shelf Reads
8b55978f-4348-4fcd-8fb9-02270b6a097d,Storytellersâ€™ Selection
177f553e-7dc9-4570-9dfd-e4890ec1f8d8,The Ultimate Adventure Reading List
94a44e4a-f57b-494c-a38e-ac3b83a5847c,Fiction You Canâ€™t Stop Reading
1e7d2394-61c1-40e0-9cef-693e684e468a,Magical Reads
291c001a-f78a-487d-b1bf-684c8f3f2ece,Books for a Better Life
7f395ef1-f40d-4916-8cef-16af49808c9a,Books for Every Mood
80f1872a-0ace-4b12-b60f-399f2f004cdd,Essential Novels
47afcb9f-9a2d-4254-9aba-1659505182f8,Life-Changing Fiction
ffb0bfd7-df40-414a-b192-0cf446e6d7dc,Unforgettable Reads
4f79b2f7-b2e8-43e3-8ce1-e6e8e69985dd,The Unfinished Booklist
46cd3e63-ac4d-4ff7-ba12-6c5f3eb69099,Top Fiction of the Decade
a6a72a8a-c227-484d-8519-ea12d6ab6481,Timeless Adventures
6b43482e-2bf5-404a-8374-e804372acdd1,The Best Fantasy Selections
9529ad1b-9d30-41b8-84ed-e4324fa6f575,Books That Move You
4955dca4-1ef6-4fe3-89c6-955790ea56df,Historical Fiction I Recommend
e0636d95-844d-4ca5-8083-9feb15cf4c7f,Fictional Escapes
29abc4bc-e270-41f3-a145-1c877c6c6edf,Must-Have Novels
4f08c9c9-d960-40ec-b75a-0321e702200f,Books I Canâ€™t Stop Thinking About
1a9f8423-c8c0-43e0-bd9a-5bfcd8de7215,The Bookwormâ€™s Guide
bfe2d74b-1507-43c2-978d-a6ea0f0e2262,Books for the Heart and Soul
d7069745-7e83-4b38-9fec-16c46625706b,Fiction to Discover
350a5702-e1f4-4b0a-85ca-ecc505018964,Top 100 Must-Reads
dd7fde1f-5982-41a9-9968-166f51e22873,Books for Every Reader
87652587-5bb4-4812-b57e-4f9b3411c1fa,Fiction to Treasure
dfaadea9-69b0-414c-85fd-ae427206473f,Books for All Time
834c4931-0e23-4a06-a19d-122dc4f0c2fa,Books Iâ€™d Love to Own
6fa37512-39f6-4652-a770-f9f769349d36,The Best Mystery Picks
3e2f3e8d-8a12-4ff8-bea4-d01d334c37f5,Fantasy for Dreamers
afb4ad21-76ac-4864-990d-425c6c0a839f,Recommended Fiction for All Ages
e2add5e8-49d8-4888-9ab1-b8bf0aeec231,Heartfelt Fiction
5cca7b5a-107f-43e5-99ee-becad76fd728,My Favorite Novel Selections
b9b17578-8315-4bbe-a4ef-f37a52740b77,Best of the Decade
cc861763-ce37-4e6d-ba23-45e0244a9505,Inspiring Nonfiction
3585f1df-c6e8-4200-868b-d4c377eb5a8e,The Top Fiction Books
e616c34a-31df-4ccc-8e77-fb0d09381bd9,Stories That Inspire
802cf273-efd2-4a4f-b208-6e565af5c656,Hidden Literary Treasures
bf4855c5-96df-46e0-b04d-f3025f195c39,To Read
a7e6521b-5f71-4cef-ab82-5f88b360f288,School Books
b130206a-3cfb-48e9-828d-82a17f0555f1,My Favorites
70093f14-0109-4dad-9394-6bfc518e7908,Must-Read Books
b5ee0208-62f6-42a3-aeeb-dde3711f1efb,Books for the Soul
7b7c9c50-3a98-4834-a4db-14d1b63d6be4,Future Reads
d2e30bea-4d2c-48ec-945d-d3a0b0f9080d,Books on My Shelf
903540cf-843c-458d-8478-8e0775946861,Reading List
db7435fd-c268-44f5-81fe-feaaca1e0f45,Fiction Selections
0b411d5c-cf0d-4c2b-883c-88b3213738d0,Nonfiction Musts
8aeabf82-ad4d-431e-a716-0ef6c171eaf2,Classic Novels
24184cb8-3e2b-4d28-ae91-9a063cb31f7e,Cozy Reads
e8529955-0e7e-4b02-b913-88c0a2366804,Summer Book List
54dbbb2c-2ed8-4923-bfa9-641837815517,Winter Reads
1261668f-3c4d-4aaf-b163-bb0be56b4d47,Bucket List Books
da3a51dd-5459-4bcc-90af-cdd18cf54581,Favorite Genres
c89394d8-762f-4211-9361-4489c847b1ba,Books Iâ€™ve Started
e95e9ea0-e916-46de-968b-7dad81ddf96a,Books I Want to Finish
a1e21b86-0ce8-4144-9326-a504f6a82509,Books I Own
ddabc41f-0963-4f4b-9332-efbc713c8b1c,Reading Goals
84b75335-c59e-4dd1-9637-1b2daf1f00af,Next Up
e7f2ce11-08dd-4c27-8da0-ba134d839d28,Books for Quiet Nights
31bcb837-8bb7-4b29-8c7b-075904e14177,Books for the Mind
f3d681f8-a4b9-4390-9c4c-f8531958e3a3,Adventure Reads
06d4270b-6198-40b1-87f3-dc2031d9972b,Historical Fiction
1cdea22b-5065-484e-9e84-b11844356d8d,Mystery Booklist
a6cb7807-c43a-4710-bc1d-2289562bca19,Thrillers I Love
5e6fb750-d7c3-470c-91e8-7b8903447f42,Sci-Fi Books
82b6d94c-a6e6-4cc1-b8f4-9b9677001e19,Fantasy Books
5b028b6b-fccf-4aec-86e6-4d2dc7ea6a5b,Literary Gems
04c1c806-8b3d-40c3-bc4a-2358cf51cd76,Books for Young Minds
f993f3dd-aa5c-48b4-8bf8-028217ba7d7b,Bestsellers to Read
97f664b2-4962-4415-859a-cda058d0d2bd,Books to Revisit
9755fade-0d13-43db-bd51-847a93f56cb1,Books for Relaxing
e334a360-9911-4040-8154-8499501eeed4,Cozy Mysteries
93aa3037-cde0-424c-8a3a-2769c8e550dc,Books for Book Clubs
b44386e7-e560-464e-902e-e2ce1ad8e36a,Fictional Worlds
7f1d5748-d165-4218-875c-7c628932a0b4,Page-Turners
77748474-fd7a-4e64-a904-105eb14c7a56,Inspirational Books
c1b84434-5d3e-46f8-9b5c-cc3e0c16321d,Best of 2025
072283d3-da70-4396-800c-4251e571b524,Books for Road Trips
d07569bd-e9b7-4b4e-b663-2555a2662d54,Weekend Reading
289d4f2a-c44f-4109-91e0-e2ae73fd6437,Afternoon Books
f7bc53e3-914c-43a6-b37b-c816851ec5e5,Books Iâ€™ve Loved
315bc000-05ba-4028-940b-690a7b19f000,Books to Gift
49b36a8a-e839-43a9-ba3a-dbec8848955b,Short Story Collections
53a13ce0-3d4d-4082-9dc8-55d8d0a1fc2a,Unfinished Books
ab9ad070-2e7c-45d7-acbf-7245c577d794,Books Iâ€™ve Borrowed
fe36e99e-2162-4e3b-a477-2fae766bea4c,Reading in Progress
b09783ac-3f21-4445-bed2-c16537ed9181,Books by My Favorite Author
adeb7f1f-9238-42ec-aea7-f1b424e81039,Hidden Gems
1ebb6060-5789-45b9-a92e-0db9431c395f,Unread Books
85688e93-5e43-4b6f-a519-52faca377794,Books from the Past
70463045-367a-4600-b889-e7e7fae26683,Books Iâ€™ve Skipped
4af93bba-cdcb-4fe0-8076-cb152baa8372,Great Sci-Fi
2a5e8c05-3619-4cde-99ed-f23ef094b923,Autobiographies to Enjoy
9f395d35-b9b5-4bfa-a505-2891c8a280ef,Books Iâ€™ll Never Forget
a34063b9-8b68-44f6-a19a-d9c9aef1fa21,Books Iâ€™m Curious About
c800fe91-fa06-46fe-9ec1-127784f8105a,Fantasy Fiction
65ac08fe-6f60-49ad-a2ca-63ceab8f82d3,Storytelling at Its Best
bfc034b2-e673-4d5e-a877-166bcdc75823,Books I Keep Coming Back To
9d8af532-bbed-48ac-9f32-07ec8b20eefa,Books for Growth
27f22201-34e8-499a-b514-87ebb14a2576,Books for Dreamers
8b28b596-55bd-4a81-83cc-74947648219f,Heartwarming Reads
1181cf83-8eec-48ef-a8c2-26eb10846b78,Books for Success
28988318-5564-4c04-a3ff-ed9edebe57e1,New Releases to Check Out
d3e2d221-d6e2-455e-81f0-77ea31cdd545,Fiction I Recommend
b0e8064d-ae78-4d6c-a9d4-864974418847,Books to Take on Vacation
b3a584cb-e2f2-43d1-8780-ffdbd5df8143,The Best of Historical Fiction
17ba2cba-8e09-40ab-8c54-baf9dc995573,Nonfiction Books to Know
4d9bad9d-9267-41b3-b0a3-02536e385a42,Memoirs to Read
9c0a3cf9-afe6-41ed-8f95-3b0066845840,All-Time Favorites
dbd0d571-b7cc-4354-b90d-a1046d2b39e0,Great Adventures
a525cc54-7f31-4148-8dc8-f090ac6aee6d,Books to Study
9b3a6dc0-8a5e-4476-9a17-457b0e780455,Classics to Love
76c05371-e4b2-4cff-b834-43988dbd6f74,Mystery Loversâ€™ List
7b39496d-ae46-40e1-8d29-9513320df7d8,YA Fiction Musts
21eddc8e-76d4-4acb-958c-324f0548dc49,Books to Improve Yourself
c14bf2b9-f25a-438a-917a-61df8f362784,Self-Help Books
fd62c9de-c36e-4d76-b803-0db1ef714667,Books to Challenge Me
74c98555-a54c-45b5-97ba-ef3a34994a09,Cozy Classics
687778ea-0ca4-4a4e-ac87-622b44f72fff,Books for Dark Nights
701cd603-f867-42da-8557-72bd23f4276c,Diverse Reads
5a34bad1-4824-49a9-ae11-a67a30547cdc,The Best of Nonfiction
276a2d5a-0c8d-4879-a4e3-db4e05eb7bef,Classic Literature
f37dc1f9-da2c-4e33-b74d-0035544dfd74,Books on the Bucket List
51bf81f1-2462-485f-982d-721b840c4c87,Fiction for the Soul
20325e61-7dea-4000-a9a8-cd16fb2dd399,Perfect for Book Clubs
f32f8550-40d7-4b46-835a-736986256f93,Reading Marathon
625d3a4d-3dee-45fd-af0b-fb56f17accc9,Must-Have Novels
d63f2d15-5029-487c-bc49-7fdca8440a15,Essential Reading
ce2f7660-1092-48fa-983b-8fcb84c0786d,Fantasy Worlds
1cec04aa-bcd7-457b-b17b-59c5d22fe7cc,Inspirational Reads
99fe70df-53d4-4b3b-993d-590eb5ea22b6,Deep Thinkersâ€™ Books
20a1d238-039d-4add-ad45-21c6357ec558,Hidden Treasure Books
70c8714a-5176-427d-9f4c-fcc619825f87,Thought-Provoking Reads
021f2144-8046-4154-ab84-c3124461f219,New Fiction Finds
29703bba-7d88-46d8-a48f-8d538fe18e43,Family-Friendly Books
39b32dd5-1f5c-44d2-a8a7-9205a5e833aa,Thoughtful Reads
7ba2970d-5a88-4c7e-9a0c-eff2502fc15f,Immersive Books
8cb8bea5-57c6-4d9b-9835-7f19d9d24eb5,Short Reads
3020295a-c1b5-4d8e-afe4-c5dccbce850d,Books That Make Me Laugh
d01c20fc-b66a-4c0a-85de-518e67a6c856,Books That Make Me Cry
5e4bf70f-521d-453a-b361-ad87ae97ebc9,Books to Share
180286c3-e94e-4718-9d89-4b7cfb1e8b32,Top Picks for Readers
c92a9bfc-a447-4a79-96f3-7714bc3627b8,Best of Fantasy
a86a3090-7a4f-440b-bfde-d583c4a514ec,Next Read
66e29b0d-b56a-4d69-ad4b-e1060e8eafbf,Books to Relax With
cf77c441-d0b3-479e-977b-a640fd8f88f5,For the Dreamer in Me
f678f067-f87c-40a0-b015-4bc44149278c,Books to Savor
e233de3e-9c2b-4adb-be60-e3c6dc826efe,Unforgettable Reads
975af97d-fdde-4225-a304-0624598906e6,Reading for the Mind
5e99b4ac-be9e-4bd4-b798-484e84415fa7,Future Favorite Reads
bf5d7f9c-b345-417b-8f74-a6a06ae63c15,Books I Want to Own
1a4247bf-629b-4c5d-928c-3029a0321196,History Loversâ€™ List
9471d506-85fe-430b-bdef-fe1011993913,Favorite Authorsâ€™ Works
e572b946-c347-4c52-bf9b-47772777a054,New Chapters
2075a34d-8a6e-4b3b-9904-f203c3ecb208,Books for Writers
6462e776-9d55-49d8-af13-34cd104a2ba6,Mind-Bending Books
ad6d1d30-7613-4122-a3f4-1fe6cb13c8f2,The Book Nook
5f8bd459-9131-4ab5-9109-e732742a20d5,Books to Re-Read
70d0d480-b184-4083-87fa-08822ab3762e,Favorite Series
c5f4a2ac-26ff-4863-90a4-dae9e2137398,Unheard of Stories
0f6fa6e2-56c7-451f-8d6c-4261d56613f5,Must-Have Adventures
9ff8123c-1316-4080-ae35-b248cacbd334,For the Sci-Fi Fan
fb5ed557-0b84-4bae-83a4-da6776e88592,Page-Turners to Devour
83e79430-6ce4-4912-98cc-a87ea44707e1,Books for All Ages
f1187f80-3f34-416b-a4b1-d699ba729122,The Ultimate Reading List
0a73ea3a-470e-479b-a4cf-c374a8a97170,Light and Easy Reads
085d1787-2d50-44c7-9234-e075ddfd432e,Books That Inspire
61455cfe-14f7-41fe-acd8-40b8967909c4,Books Iâ€™ll Recommend
1dc7adec-1fa5-46de-9265-68c457e23218,Curious Reads
3b5ae4a1-baac-4a8d-b299-6c0d4f68a9bf,Epic Novels
ec04db92-2334-45f6-b78a-9e66fe71641f,A Page a Day
4d4bc18d-362e-4f19-bfd6-3b456ddb2045,On My Bookshelf
ad734270-6390-4328-9d61-fcc0bb0b7ce5,Bucket List of Books
3ec4ccb4-5998-4885-b514-0c631a550053,Future Book Choices
717d5586-2577-41bb-b97b-5924c1143314,Books for Thoughtful Minds
765ad351-41d4-4ae0-aca3-1ceff6f0a3e9,The Greatest Books
2f2e53c4-5e6b-44c2-b584-db3fa5f26b21,Must-Reads of the Year
9ca5053e-c249-4f37-8f97-e6c9daaa1c6d,Books to Dive Into
bcbdd615-550a-4c5f-b4ac-b3d769bcad19,Unfinished Business
e02a9722-14a2-433e-8195-2e7f2848a4a7,Inspirational Novels
65c9ddb2-e28d-471d-b882-c69a8fdaf653,Literary Discoveries
a4bf0d62-852d-4ed0-b932-a9fc53e47422,Books I Wish Iâ€™d Read Sooner
dabccca8-8292-4122-8aad-ca99e841961a,My Book Collection
01436dcb-07cc-4cd9-be9e-f40decee5ff2,Adventure Awaits
3e1b9345-635c-4b6d-ba5b-f82538788c32,Recommended Fiction
ad3f5638-ac8f-4f05-bf6f-ed65cb2266a0,New and Noteworthy Books
36609784-d210-4f33-a6c7-9031058a708a,Books for the Wanderer
daa5adbe-1d60-4a25-a6ad-c824d86c4c36,Future Discoveries
a3e7de55-7d5b-4c3f-8f4c-8f7ca81703d1,Thrills and Chills
c5db2bbd-91bc-4d82-8408-8d97a229d129,Deep Dives into Fiction
cacc8dc1-aa4f-41ad-a1d3-ae740e211ca5,The Perfect Reading List
26ebec92-4909-4724-a5ad-c8d36e8acb5d,Bucket List Books to Enjoy
8d15920c-2398-4cfb-9751-d5f825b82bf7,Life-Changing Reads
ece7f277-e7df-4471-819b-c6ece1285dff,The Novel Collection
9f0fcab4-d7fa-41e5-8112-26f3aed55abf,Books for Contemplation
137c7e00-8b2b-44d5-81b4-b040c8ee5247,Epic Fantasy
dad78863-dd6a-4b93-b186-53c8f888f719,Heartfelt Stories
53553e94-38c9-4786-be21-bbc2475037f0,Fiction to Devour
09653279-ea44-4388-aeca-6520b618bb1a,Books for Quiet Moments
bd028bee-dce4-4ac7-96ab-a846071d837d,Great Historical Reads
253e56e3-adb5-493c-9367-42be3d34c3ed,Fiction for All Seasons
b341e014-2cde-4156-9447-e6238f921e10,All About Books
0d1b916c-352b-40c8-8cc2-a18a6adbd847,Books to Keep on Hand
e07a74a3-3b13-40b6-8155-403ef038e062,Books for Weekend Escapes
d9db076a-fd49-4a59-bdca-f601a0a0d6c1,Books for a Rainy Day
d548f74a-32d4-4e06-8243-d1b3b270676c,Books to Take Anywhere
e25d8c37-eb8d-4d9a-9388-0d5bd0512e15,Favorite Nonfiction
43e75434-8485-4f57-b183-059902f86e40,Famous Book Collections
0d5d7e98-ea29-412c-a9a5-e6998acd105d,Books Iâ€™m Looking Forward To
e5ef63c7-8153-4430-9a93-940c29f5e939,Genres I Love
f1ca833c-fa35-4d1d-b89f-874a0512be56,Books on My Wishlist
f88a8983-14eb-4d1c-9fe9-fd545748176a,Books Iâ€™ll Read This Year
306dbe8f-1ce0-494a-bd52-40ae99d4ba8e,Books for Creative Minds
a5d6bd19-6cf7-4b87-9ba8-34aa70fcf2bc,List of Favorite Reads
24b15fdd-5ca3-4f7a-a884-6b79737e2381,Great Adventures in Books
a6c11b7c-ae7b-478d-96a9-6a2d2385e485,Books I Want to Finish
8391fdc9-b622-440e-b2c1-2a7054d1c7b5,Books to Know
222c76d8-e551-4f18-8050-617a0f846ee0,Books to Live By
1746c5eb-81ca-4ddc-ad8b-f3a349ad5822,Fiction to Remember
ed886a48-268b-4915-b206-53e6a25275c3,Must-Read Mysteries
3124da61-de22-49f6-b6b3-37c7dc0991c9,The Ultimate Shelf
fe00f7a1-201f-4382-b3ae-d5bb0829af33,Top 100 Fiction
d2d09433-83eb-4a22-a006-e5901c2f2c0e,For the Bookworm
0cb5a69a-5fae-45d7-9f86-2911eab52c81,Favorite Genres to Explore
7208be15-c2f4-4d59-83de-930fb8c3859b,Best Mystery Books
5bf6e546-aa58-434f-8cd4-af57a0eb7cc3,All-Time Favorite Stories
9fbe9e98-5f3a-44ec-b50f-621fa191b726,Summer Reading Ideas
d60929b2-194b-47d7-9945-5fae8f0c6874,Books Iâ€™ve Borrowed to Return
0b21a706-a0cc-4fce-9169-91ad7f682bc7,Classic Tales
8cfc4319-52e5-49aa-b6f6-6a896974e31f,Must-Read Series
c6f0f2c1-3912-4e47-a9b9-ea2a4cf6c219,Books to Recommend to Friends
3ae0dd6c-2820-4808-9625-d86ef375f96e,Books You Canâ€™t Miss
a54d4655-d7bd-4e21-abb9-e9fd53ac4422,Epic Book Adventures
abe9cde2-17db-4722-ae61-86a64d8f4a7b,Books for the Heart
b4d68164-4356-483c-be4a-663e486a7b96,Books for Relaxation
9e64f32e-e46e-4008-a08e-8142facd0df0,Best Reads for Winter
0d85d23e-64cf-48fe-9b30-1f97fd278d82,Book Recommendations
8b13278d-c22d-4e0b-8b33-d8a9d93d8591,Books for Book Addicts
d6bb1ede-3006-40d6-963b-8c53c196f83a,Books to Keep You Up at Night
0e92d0df-15e5-481a-9f4b-e376d47ecff7,Fantastic Fantasy Finds
11182eb2-1f50-44c7-a168-441694375e17,Seasonal Reading
ec676391-27a5-403c-9830-a0bfc9abdf7a,Time-Travel Tales
b0584349-942f-4a3c-996a-4b1d03228e20,Historical Must-Reads
0f15ed5c-0509-4941-8993-603c1f83a2d5,Personal Book Collection
04bc273c-38ed-4bc9-9897-cd1bec3b3f3b,Books to Escape Into
e892d991-d0be-4dca-92bb-e3be3ede2c45,Books to Improve Your Life
7910dcb3-485c-4444-b479-294af78aaaf4,Books for a Good Laugh
bd92f620-cc91-4138-bfe9-d4deb041a370,My TBR Pile
8f7a7cdf-28dc-4efc-a658-de6a0debc4db,Fiction to Feel
32bec579-715f-4343-9873-ee08ad9a0da3,Books That Challenge My Thinking
d03a114a-7ae7-44da-b05a-ba43ffc3b4ae,The Best Memoirs
93461844-41a1-486d-8945-01d094c79339,Books Iâ€™d Like to Discuss
5f3eb861-5e66-4eb4-96f6-8d956864b7d3,Adventure Reads for All Ages
87880028-a6fa-4813-84d3-ce5adca2c18a,Literary Favorites
5882ff1f-e623-4430-b95f-ff38cac260ac,Books for Dreaming
d90c5fb7-e3b9-4edf-bc28-24a315d11d11,Must-Read Histories
56f12a8a-46a0-445e-a9cc-08186d66f482,The Books You Need
db6d3a05-ed7c-42ee-8b32-4b11e250fd44,Books for Every Mood
99963733-f398-4ccd-a5ca-f1f4426b2b7f,Classic Must-Haves
ac4e4b4a-1e18-4600-8bb4-f0bfc1ea8413,Reading for Personal Growth
a9669d03-35af-49eb-bb86-3b260cf2ed2c,Favorite Fictional Worlds
afbccf25-ed2f-4918-9669-827db9dc365e,Books to Get Lost In
751a8513-dd5c-4bf1-884c-da4b259579ce,Books Youâ€™ll Love Forever
a477361d-6251-4818-b537-d5f2af017ee2,Travel Books to Inspire
9a0a6907-ff89-477d-b39e-293e92c6e117,A Journey Through Books
f879cbb7-a8ef-4dd9-a58e-89b0bdaae0d3,The Ultimate Book Collection
45a88200-da9b-45bd-a73d-fb95f258807d,Favorite Reads of the Decade
e2e9e56a-62bc-4427-a0f5-443fa410ad30,Fiction Youâ€™ll Enjoy
a7355d27-5d9a-4b4d-acb4-8e8c03694032,Books for Changing Your Life
bb438726-a83d-42e7-8e8a-a77b2c1d4c01,Novel Favorites
a00df85f-edac-44b9-be00-1f28557ebb0f,Fun Fiction Selections
e9e66842-5599-4ec6-95cf-23102ca5e7bf,Books That Last
119c17dc-db03-405f-b9df-67929ceb6155,Books for Discovering New Worlds
84e5b1ed-b8ee-4502-9a95-c50fcc431ab6,Classic Adventures
c52cdbb1-a598-4b4d-b716-7c5287c10187,Exciting New Releases
2715ffb0-53fc-4c49-a212-b4b7bf84f103,The Essential Book List
9cc49d50-0eff-402c-b3ba-d86342fa1e86,Books to Brighten Your Day
3c961d99-5ee3-4e9d-bb37-c1da80dd6dc6,Books for the Adventurous Spirit
c43afef5-70fa-4966-8974-fd230b9c82e6,Great New Fiction
44670b78-a478-4307-b5e8-2d7e11299001,Books for Personal Development
0dcd3cce-ce5a-4434-9820-196c6986ad9c,Fantasy Selections
8d08c071-eac4-4f6a-a19c-dba4a14da03e,Historical Gems
cbe5f686-e32d-4131-9585-163bc2fcb986,The Best Fiction for You
c4af9b15-f7bd-43d9-aa72-bf57d2015f6c,Unmissable Books
97b78d12-5526-49f8-9e97-c8cc5c7073f6,Endless Reading
c6e850b7-21c8-496d-b5d5-3ce4ca6627f5,Books to Share with Loved Ones
be91d43f-2e59-4c23-a061-51ddeceb06d1,The Bookwormâ€™s Treasure
b4db5434-3ca2-4935-881a-6bf5d3989748,Books for Cozy Nights
8db6a5a4-c92c-425c-a0d5-76e8805810e0,My Top Reads
ff03ab61-2cba-4194-b6fd-9d1d4e13fb06,Top Fiction to Read
1955f2e1-35d2-419a-ac33-476820c5beab,Must-Read Recommendations
07688d39-4e01-4b28-82dd-a3beb5f64225,Books for the Curious Mind
d6fabfe2-dcfc-4dc2-8246-fe0a094ab1a7,The Perfect Book Collection
b5014e66-8901-4d3e-b20a-a32a030c0666,Adventure
01a368ba-07ea-44ba-8a67-3d3bd287d86f,Mystery
0bc822e0-08d5-42da-8ead-f4fa3031a2b9,Romance
ff20efc9-3e3d-445d-9ea6-e00663769b1a,Reading for Fun
bb32eecd-8679-412a-9a4d-2f6b089647eb,Books for a Lifetime
5916d6aa-363b-4687-b2f4-e69ccaed6195,Reading Dreams
7a082f4c-9c14-414a-b437-6f30ac7b2192,Book Selections for Every Season
79bd449c-d59c-4953-8c56-b87eb351cee7,Books I Canâ€™t Wait to Read
ff3e1756-6e35-44b2-8358-76dfd0b10759,The Ultimate Fiction Guide
2a5a5503-3e18-4323-8797-16b888577e0c,Best Memoirs to Read
8126d5b9-e308-4c35-8e51-8a1adbe135c6,The Best Adventure Reads
303f480a-7302-46ce-8158-6b81be67cac4,The Greatest Literary Works
5b962570-cb51-434f-aebd-9e5f5c0d21ee,Book Loversâ€™ Picks
244f9816-8f10-4835-9ce5-feb2b9784a1f,Books for Finding Inspiration
cf2b97ea-9dd4-4f89-9062-ae75d56d2850,Must-Have Novels for 2025
0be7de6c-8f43-461a-ba59-60596eca31be,New and Exciting Reads
688dd351-aa31-4b19-91a1-3334b3615191,Books Youâ€™ll Want to Read
0738f609-1dc0-40a0-b098-d87928328f82,Favorite Short Story Collections
891fbc02-d735-4cdb-bfb7-0298f0fd7c3e,Adventure in Every Page
d80e6e4f-ba98-4fb7-bef4-0794c4f3cbbb,Curated Book List
4f216ad0-4fb2-4d4f-a505-9e1a54ecf070,Favorites on My Bookshelf
91d780bf-8353-4e48-8ce2-46f20c8864b2,Fiction I Canâ€™t Wait to Finish
b758a09d-a443-40cd-8a35-91f062aaf354,The Best of Classic Literature
3b9271d8-0408-4704-bbef-365723659f15,Books for Escaping Reality
15c98a6f-011d-4920-862b-93c50caad68c,The Fantasy Collection
9a9b48e8-a12b-4cb7-8fc8-0583f9e18d37,Recommended Book Selections
9a49d668-33bf-4ca4-a8d7-4d3bd29a65bc,Fiction for Reflection
5098b901-cf26-457e-a78c-d22fa8e4e369,A World of Books
e4b30f12-6003-491a-bdf0-9e7cddd90e3a,Best Books of the Year
d93b2ac4-a8ee-49c4-8300-318f0cfda0e2,Genres to Explore
c86f1e82-3bf3-4c82-a2ff-0e7e45a3d138,My Next Read
c89b1730-014c-431d-bbe2-ea7991bb7d1a,The Books That Stay
8c3e51cd-086a-46bb-a7f4-7c70a0f46323,Timeless Fiction
d27c0622-8947-4f36-aec9-255408cf2bd7,Curated for Book Lovers
8bb4b5d7-8aa9-4b17-9693-8297da1f3321,Hidden Gem Reads
bbba1ed3-d618-4bf6-88bb-90d250e9dd41,Fiction to Cherish
336ffe05-9274-4baa-a519-070857053783,The Ultimate Literary Collection
8ecb7631-c445-4a5f-ac16-1f2cb9b4545a,Books That Make You Think
f26f32c2-3540-4d65-94f8-dddfd651b987,Best Fantasy Worlds
41d42815-2fe0-4211-aa12-be87f606a0fa,Reading Adventure Awaits
0732a45b-1a8f-4a2c-9df5-7f42dec14246,My Book Picks
1880ceb1-d994-4a2e-b128-5c06161c8f73,Books That Take You Places
35c05138-86fd-4030-becb-4ef69fca137c,Memoirs You Must Read
478db5e5-e05f-4a93-9b4c-19c40e177d00,Books for Exploring New Ideas
52759e30-57c5-48b1-bc46-97ef156d5717,Collection of Literary Masterpieces
91842cbc-e7be-4980-9ac9-b5927e6cb985,Top Books to Read Before You Die
bc4da611-1a96-4229-a558-473f8a1ceec3,The Ultimate Reading Adventure
7a8cae7c-2998-449d-b094-8950d9e63e27,Personal Book Recommendations
f59975a6-8b3f-4ea9-bd22-de9d93141747,Books to Broaden Your Horizons
a59ae253-ff31-4731-9a75-fb3aec44c5d9,Great Books You Canâ€™t Miss
fdb52dbd-5d71-48fe-a775-9253f78191d8,Journey of the Mind Through Books
952b8f91-06c0-4873-baad-1045a01c5421,Must-Read Short Stories
f2befab6-2623-4c42-bd5c-8a4e26430473,Fictional Worlds to Discover
30cb5c9f-ff46-42bf-8d0d-cdc98c8bc7cc,Top Books for Thought
ce607598-fab2-4b3f-b07e-a310e180cbf8,Books to Inspire You
3ac9f38d-29b1-4c68-bdd3-79357368c617,The Adventure List
14a99c92-0fe6-4b88-9246-4cd5dd78760b,Hidden Fiction Gems
198a5a81-5d7f-4a3b-b080-dfab4d501a86,Books to Broaden Your Imagination
acb8cf2b-dbda-4570-949e-f5947938b715,Discover New Realms
2655252a-f0f5-4c1a-a393-4749d32fe80d,Top Choices for Book Lovers
adf0206b-93af-4f41-987e-2cc52d9848fe,Best Books for the Curious
7ed5cb32-6b10-47ad-ac2b-99fda7a84e1b,The Perfect Fiction List
5f2bef4a-9cf7-47d5-937d-1d1dc8971012,Dreamy Book Picks
1ee4279e-3877-4691-b1ce-6d5b3638f3ee,Books You Wonâ€™t Forget
c5be7378-da83-4ed3-b98f-d6c64cb4baf3,Fiction You Need to Read
5a5ec9dd-f8f8-4b6d-afec-8647e86743bc,Top Shelf Reads
e19b3299-30e4-438f-afbd-2a9a6331f013,Storytellersâ€™ Selection
3244a6be-b34c-48db-b8e5-74f31dde55b9,The Ultimate Adventure Reading List
4c2f15f7-5c0f-4dd0-9e2b-0d2f3d7eea87,Fiction You Canâ€™t Stop Reading
52c6e64e-723e-4dca-8230-5f7312b3fdf1,Magical Reads
5d779829-2857-4467-95ef-b777fa4faf78,Books for a Better Life
fac65a51-322e-4e37-9972-39db816ea562,Books for Every Mood
a8d2c35d-eb68-4429-a14f-4d480b3c6801,Essential Novels
56291b67-ce8f-47a0-a3c3-d95a619e5c88,Life-Changing Fiction
6154376c-2e42-4b75-8bf8-bac3c43fd3bd,Unforgettable Reads
82fb0be7-a2a8-4c5f-860d-8efad5f4f6a5,The Unfinished Booklist
a8996b85-bf50-425a-8e95-46998740d7fa,Top Fiction of the Decade
ea1a5862-be67-485d-be6b-c66a9a61660b,Timeless Adventures
406451a8-9df1-46ac-8328-d561feeb5f7b,The Best Fantasy Selections
cc532f32-02e6-42a5-8d62-7708a00a19f2,Books That Move You
7d2d0d7e-ea42-420e-8e44-b8a70a95cdeb,Historical Fiction I Recommend
94828bda-ff25-40c5-acb2-3b4fe0cb7144,Fictional Escapes
a539fbd8-c0e8-402e-bdae-5ecc628efd3c,Must-Have Novels
d62e0997-9631-45b2-871f-596d841b162b,Books I Canâ€™t Stop Thinking About
f3fa6f1f-f9b0-47ef-b081-b553f7592616,The Bookwormâ€™s Guide
0401a09d-7023-4533-95ae-4c96422486c0,Books for the Heart and Soul
60a652be-81f7-462a-b938-151ac9b3adc0,Fiction to Discover
2ea18adc-6044-4906-bde2-9ef8021e131b,Top 100 Must-Reads
2ebb1c9e-7699-4e8b-a82d-c705d304bd3a,Books for Every Reader
413a4171-ee5d-4266-90c6-43f94406e2a5,Fiction to Treasure
66ca99a1-4849-4ca0-8ec3-45932f31bd57,Books for All Time
795c649e-fae1-4f63-92ef-9669aef518e4,Books Iâ€™d Love to Own
9e979d4c-f0ce-4edf-a910-cfebfd15d74c,The Best Mystery Picks
23d7aff6-3e86-47cb-928f-2f61eb5a4e51,Fantasy for Dreamers
e389b9d4-427a-4ee0-8d30-4d0e07ba615e,Recommended Fiction for All Ages
be0bf4a6-b921-4bf8-af8e-21cf9b7d6977,Heartfelt Fiction
eccf1617-9198-49e8-b702-2211a6e56c36,My Favorite Novel Selections
aad0a49e-e18e-4567-8a9b-434900d3378d,Best of the Decade
b2ce69b6-2526-4611-a1b4-7fe081feb622,Inspiring Nonfiction
43dbde9a-950b-4a74-a47f-85dd28b1c8dc,The Top Fiction Books
7b758d32-a518-45f3-9d32-dea58645239d,Stories That Inspire
b1e71679-dfe7-4411-8905-d1f83f1bad85,Hidden Literary Treasures
65570964-b347-41ec-9b96-79c2da4e8c9d,To Read
30f8f2a1-8756-4ba2-9f22-ca0af4b2462d,School Books
4bb88dde-6066-477d-8e4e-5ace59ceedff,My Favorites
af3c2f1f-e02e-48b9-a7d7-6121a7680a13,Must-Read Books
16aef60e-6742-43c8-9aad-4430f5def3f3,Books for the Soul
25c25bab-64d1-4484-bdda-b7558d1a0006,Future Reads
91e3efcc-d333-4921-a3a9-4b9bc38999e5,Books on My Shelf
dc19ad52-967f-446f-8fb5-1ac35f48d213,Reading List
f64db082-1ffa-4db0-a8c9-95dc45264336,Fiction Selections
39966dd3-1ba1-47c8-a488-e4552613ece6,Nonfiction Musts
ca5c67c8-11e2-41b6-93f4-32aee5de975a,Classic Novels
39714023-5e2e-4f19-a17a-64ebb5e0cc28,Cozy Reads
b6faffab-9a76-4314-96c0-eb5570dda6aa,Summer Book List
201b17bf-20ee-4848-9727-757224f5a9da,Winter Reads
334e95c9-3b31-4a9a-a4bd-45d325b7c051,Bucket List Books
a35314c6-a0c7-4d2e-a64c-9308ddec69a5,Favorite Genres
3d3cc122-56cd-46bd-bdb5-ef8c416f487e,Books Iâ€™ve Started
6850b3c9-c7c5-455e-89ee-41496df4b40b,Books I Want to Finish
48c8dbd0-664e-432d-97ec-6c14c4aee916,Books I Own
ef60b239-2dcb-4af6-8ec9-b835716e2f0f,Reading Goals
9e72e2be-1630-4f61-bea8-9c4ee006ab1d,Next Up
0e01a996-5256-4278-b97e-0bfe7dfa45d0,Books for Quiet Nights
1d64761d-64ee-42fc-b3fc-a4b2e8463984,Books for the Mind
687a723a-6c6f-44de-8277-c6e6e8f1c60f,Adventure Reads
5d87b49f-afea-4bbb-a4e1-d44b04c293bb,Historical Fiction
7d81b25c-9c57-42d7-ade6-43cd629150b7,Mystery Booklist
1b5f2293-fd3a-43bc-b0df-cf538ae30daf,Thrillers I Love
6d4f3af0-527e-4bbc-8446-76f52ec9d40a,Sci-Fi Books
9130810d-1b90-4607-ba55-bbd4afb9fb57,Fantasy Books
19738114-f803-46fa-9a96-c550fcebb11d,Literary Gems
2539c594-fb91-4390-9946-c514fa560739,Books for Young Minds
65751783-18f6-4d22-b1b4-bba1cd79b3bc,Bestsellers to Read
137e799c-0b2e-424d-a1e5-69d63790a614,Books to Revisit
3d9aac9f-9f62-4306-accb-169910cbac20,Books for Relaxing
ba4aec36-b293-4938-8c71-f5ada9bceec8,Cozy Mysteries
48d55192-5e2a-48d7-8ba9-65a2808c0aad,Books for Book Clubs
00a61269-2e8d-4732-b7e2-9acdc7e3daea,Fictional Worlds
35df1fa8-1492-41a1-afaa-3aa1251ef699,Page-Turners
5c64d00c-f47c-46d0-8226-88a6b51105f2,Inspirational Books
96b3416e-4841-4151-81be-fb68c411a803,Best of 2025
ced3f860-904c-4544-81bb-6d5f6248fe11,Books for Road Trips
bb32a61f-f90f-433c-92e3-e81186cb6df6,Weekend Reading
4347a79d-b6f2-41b1-9d26-492d2b8a2c13,Afternoon Books
ac5e98ca-219e-4451-b8d3-a6c37fa57023,Books Iâ€™ve Loved
da8092ed-5af1-464e-905f-238571bc0291,Books to Gift
d2e5037b-f46d-43e7-8ec9-386306cf6bd6,Short Story Collections
a5d45638-707d-4bd7-90bd-63ab86dce151,Unfinished Books
964627d6-d1d1-41a6-9cd2-c65b90907532,Books Iâ€™ve Borrowed
ff061742-175d-49a4-a809-4aee4390d6e6,Reading in Progress
b2047d91-9c35-4baa-a110-6e40a7ae3d0a,Books by My Favorite Author
d48d686e-579f-4302-9b0b-48e9a6814048,Hidden Gems
7a40af75-d754-4122-b508-c49820f4b0ab,Unread Books
e93bafab-b99a-46a5-8e66-0b02a55bc061,Books from the Past
c615b0f2-5ced-45f8-9f75-4b842939b2c0,Books Iâ€™ve Skipped
88b2c401-2119-4265-aea7-8ea1908763f7,Great Sci-Fi
e689a383-07bb-476e-9462-50f9aed4117e,Autobiographies to Enjoy
3d2aba0d-e346-4759-9770-4e7200105e2f,Books Iâ€™ll Never Forget
6aeca07b-2316-412d-9cff-0736028b256b,Books Iâ€™m Curious About
e9bc21d8-6937-4b75-974a-ba3117e32b6c,Fantasy Fiction
ad2b01c6-400c-4960-8afa-cba36210ecd2,Storytelling at Its Best
9aca5a77-87b6-4bb3-abf4-d4c645938871,Books I Keep Coming Back To
baa66307-4ae1-4494-9b56-24b569e6f116,Books for Growth
ccc4eaa3-c736-4fa6-b18e-d88d06a635f0,Books for Dreamers
2ff4ebf2-ee5c-4569-8aaa-d29e4f744669,Heartwarming Reads
12e3335e-1db3-4749-a873-db03506f123d,Books for Success
8dd1fcf8-57ea-4bb7-82d5-fd83f919614a,New Releases to Check Out
2013bf59-3ca2-48e3-9c60-6b78f8dc401b,Fiction I Recommend
c40a138b-b2f9-4906-8c91-f98c86861e2f,Books to Take on Vacation
b8f00ec7-d21e-424f-a72a-89264a2f633e,The Best of Historical Fiction
8b56a81f-05e6-4cba-b40c-43c04c2bd855,Nonfiction Books to Know
45ce798d-ef40-45e7-bb68-4de3eb84b0fc,Memoirs to Read
700a7dc8-971c-41e0-ab17-05a0f46c612f,All-Time Favorites
ad5b094c-6a02-4ada-9333-db69fc2f743a,Great Adventures
534fff3e-85fa-4624-a52d-0ac086a0a4f9,Books to Study
52cab300-286f-49ee-b91c-e5caa687b687,Classics to Love
2dede43d-99c5-4bec-98ef-5d90d6f45bfb,Mystery Loversâ€™ List
96d9e53c-1e5d-4b21-86bb-f8da78e2cfc8,YA Fiction Musts
0ced2b17-7cdb-41a6-9d6b-9ada0dea8b99,Books to Improve Yourself
d4bdf92c-b1f6-490d-abe5-254f5d05f416,Self-Help Books
2453eabb-c98d-457a-b3d6-1a33c23e1351,Books to Challenge Me
26fea844-cc29-4744-879d-6abf371694b7,Cozy Classics
7fd37d29-dba7-4a18-b98d-8c2bfd12c323,Books for Dark Nights
c5ea3b22-93fc-4657-a34d-2483d15689aa,Diverse Reads
5b71c542-72fe-46bb-a985-64ede6f4fe40,The Best of Nonfiction
2d42e976-d7a6-457f-a4b2-b676387300e2,Classic Literature
c2ca008f-1d45-43c8-813b-6c3ab9895170,Books on the Bucket List
31f04f99-166d-45c1-8ab6-127d1f48c173,Fiction for the Soul
38ceff3f-760d-4eee-b46e-5298c92534b1,Perfect for Book Clubs
56d63f0f-d3ab-4ae8-8b76-1e549ce3ba7c,Reading Marathon
7f82a72c-1ea1-4357-84fc-d9dfaaff858c,Must-Have Novels
19e4198b-3ad1-4c24-b578-7dae46b16931,Essential Reading
7e229a9c-7e64-4546-b61e-07c62e2eb6ae,Fantasy Worlds
36a16a3d-78e9-4a07-8327-0756e4237c9b,Inspirational Reads
12f96b76-c85d-4cd4-bea4-4d971d3f8808,Deep Thinkersâ€™ Books
96edf3fa-e0f3-45f2-affe-ecf92edf2136,Hidden Treasure Books
0ecd4a34-add6-4337-8955-be80d06a530d,Thought-Provoking Reads
2ad46f61-bfc6-4c75-bfc7-559468724ef7,New Fiction Finds
db31f697-0380-4fc4-b997-c7ca13b44102,Family-Friendly Books
14ed1a29-4809-4cfc-8e15-f463eda22262,Thoughtful Reads
071daa6a-6f12-47b7-b525-af973644afec,Immersive Books
0b23f7e4-2a8d-4054-8b18-3f4aeb6d7678,Short Reads
896c4b6c-8fa3-4815-b8a4-8012e7252640,Books That Make Me Laugh
fc1dd1d7-5c30-47ee-a5d4-808e3ee97e62,Books That Make Me Cry
94ff1d71-1b7d-4481-a309-e5d487cbb77e,Books to Share
89e58844-c81c-4d50-92ff-363765180318,Top Picks for Readers
d296ad32-4c9d-4b0b-9639-623fc29fc895,Best of Fantasy
989a2e87-f1f8-48b3-ba77-b9cfa5097bf7,Next Read
afd764d0-a536-4152-8008-0a826154aab8,Books to Relax With
f1ef6733-f039-47d2-a4cf-652ca41e7a74,For the Dreamer in Me
648f8fbe-12cf-4618-b1f1-7950782391c4,Books to Savor
d2823235-ec47-4543-a126-6c18ed3a5c28,Unforgettable Reads
96a4554e-f821-4724-b49d-8b4b72ab82b4,Reading for the Mind
90997266-4078-4592-a4e2-3f2baaedab11,Future Favorite Reads
9a24f81e-b26c-4b78-ae0b-21bd253495de,Books I Want to Own
ec7f1e0c-c3e1-4917-891a-4ceb6e325759,History Loversâ€™ List
08890143-45ef-48ce-8ba9-5bc2076dea49,Favorite Authorsâ€™ Works
1ba53720-c595-4171-b669-7431f08487b4,New Chapters
d31ced25-0ac2-4f5d-b71c-8b37004548b9,Books for Writers
77f75859-e7d5-4058-b1f8-a3e8da3c999d,Mind-Bending Books
c6fb9adf-8064-48b6-b70b-fe55a6e1ea82,The Book Nook
095dd511-d278-4e25-baaf-d2670a5b8742,Books to Re-Read
df7da791-6f48-4be6-ab53-e6a38b9ffeb6,Favorite Series
c0bb8abd-b8e3-485a-93f9-a50d0e745830,Unheard of Stories
ee0c19ac-d913-4afc-9b5a-e3e583e464d0,Must-Have Adventures
fa1699b1-94ed-401b-8b86-654d4ccbf974,For the Sci-Fi Fan
fe474197-218f-4536-af4d-957d905d83ba,Page-Turners to Devour
26617d66-4d1b-4be4-8db5-21b2a4f1d7a5,Books for All Ages
c31dcf53-2b62-4ec2-8b54-0d1c61442b86,The Ultimate Reading List
5d61accf-d24a-4c39-9e51-e5bccd6d9504,Light and Easy Reads
6cef18de-b5ea-43b6-b714-34b283f60fb1,Books That Inspire
d5e9213b-6d50-4634-8242-1206f4be9db0,Books Iâ€™ll Recommend
3b133c0e-5346-4620-ac0f-7c0d0a676e1e,Curious Reads
f6272df8-b390-48e1-8a25-8eb2d7ed8bc7,Epic Novels
c15faf6d-4a35-4b63-92ac-ced9e31a16a1,A Page a Day
217e27ed-2f0e-4e06-93a6-3c0c12476c69,On My Bookshelf
12639810-20c1-482c-a408-bc2170383a4e,Bucket List of Books
3f1367c9-a038-4261-9f56-ee92b582037a,Future Book Choices
5b30769f-3a52-4683-92c0-cedc9a970586,Books for Thoughtful Minds
0a0d26c0-a726-4528-9f3c-51124746d291,The Greatest Books
9f2bd010-22f9-4101-8845-ef06a89a1a14,Must-Reads of the Year
95abbc1a-b9ff-4f29-a45b-55a62985a6ac,Books to Dive Into
2d1d8b57-b03d-45a0-b7ff-e1932d2fd5f9,Unfinished Business
b067b30c-2dd5-4e5a-adf6-6adab8388793,Inspirational Novels
2f067eb8-e1cf-4f5e-9f6d-4a0c7f62df7d,Literary Discoveries
22b9bc2f-6598-477d-887e-962428fa47b3,Books I Wish Iâ€™d Read Sooner
08fe82c4-5634-4990-8a3f-74670d8c8d0b,My Book Collection
5fa24bc3-1215-404d-a12b-ee566d683376,Adventure Awaits
fa459351-e4ee-4583-bb5c-6fce4fc7ddf4,Recommended Fiction
d343e765-4f9b-47aa-a666-0b83e4c4db68,New and Noteworthy Books
aadd6fa7-2149-47d8-81ab-2ccb2c4a35a1,Books for the Wanderer
2cf939ee-f763-4767-80f4-ae272474ea84,Future Discoveries
0024280b-955b-4e3b-aaf9-37847cfaf446,Thrills and Chills
b96d308c-747b-4d20-85d7-11573056b64f,Deep Dives into Fiction
4222cc90-4906-4520-957d-590802215ce3,The Perfect Reading List
a6d0f345-fe26-4286-a7ee-f582bf12220d,Bucket List Books to Enjoy
e2ae9144-a06c-48c7-8bee-a8f8a6f895c1,Life-Changing Reads
8da4841b-6711-426e-8b62-0d6788dbf60c,The Novel Collection
e216d7b3-5c5d-4ec2-85d7-2085604af276,Books for Contemplation
9dc33526-6662-43ae-86b5-b48701268fab,Epic Fantasy
5f86a86c-05d1-4e68-8df2-6855292c30d8,Heartfelt Stories
dd778849-6031-4efc-a6c7-030ff58a87ae,Fiction to Devour
291dede3-bbd0-4409-ae40-3be740f3a699,Books for Quiet Moments
ff9ad9c6-d462-4475-9c71-9e5328ed1e00,Great Historical Reads
c12c5829-adc1-47e7-9fb6-ac74998bd962,Fiction for All Seasons
0dc32c67-373b-4c48-9b7b-602ac2511627,All About Books
d84cc25f-03f8-451c-a3a5-b6a6b127819b,Books to Keep on Hand
a4446fad-33bc-4601-85a1-eea5cdd4e000,Books for Weekend Escapes
dfd15ae0-b236-4b10-8fd0-fc2bcfd3c080,Books for a Rainy Day
0aa9da06-c0ec-4744-9a07-a4c2299643ca,Books to Take Anywhere
44a2a60a-ecf9-42e4-a935-88ff4d7cb5a2,Favorite Nonfiction
b9478fc1-9e50-4760-8118-67558f0388ca,Famous Book Collections
268a2497-8cc2-4f02-9f34-fbd9a96b5465,Books Iâ€™m Looking Forward To
8d607442-42f3-41b8-84e8-c2c5eb17a77d,Genres I Love
cd31c255-d635-42a4-ba7d-e6bc1b40abc3,Books on My Wishlist
338df193-dafb-41c2-96e0-31244d4b0bc9,Books Iâ€™ll Read This Year
8332b950-cdb3-49e8-b7a5-25d7e08ac91c,Books for Creative Minds
e2ce1496-3feb-44f7-9aa0-25f320006660,List of Favorite Reads
e96d7d2e-758e-4e9f-8c21-e5602c7e1579,Great Adventures in Books
e398d083-de1f-4860-9f86-7bcb31bf5277,Books I Want to Finish
927cdfc3-5521-4d43-9535-6c1ea5020b38,Books to Know
9d762470-6bc1-460c-827d-b0ae723d6d08,Books to Live By
6c1937de-d662-4fce-a781-a5e815bfef80,Fiction to Remember
096b0472-a34d-45ab-81dd-f4189da79a86,Must-Read Mysteries
05833315-a48e-4075-b02b-eacd4c41d5f6,The Ultimate Shelf
042636bb-0b87-4185-bd89-95935bbcd59a,Top 100 Fiction
6e562f85-955b-40b1-8801-201bdaefaf28,For the Bookworm
9524daf4-90a3-47d5-a7b8-b0890a9f47a3,Favorite Genres to Explore
4e904220-de00-4a14-b741-6c349f284343,Best Mystery Books
694fceed-2596-49f5-92cf-e612a958e503,All-Time Favorite Stories
c2128b28-da17-438c-8e04-d6a92679ac4a,Summer Reading Ideas
caa5a4b7-5457-461a-8dba-aae924fa222a,Books Iâ€™ve Borrowed to Return
141398d1-80f7-45c4-98f1-be9b4bcda157,Classic Tales
84fcab6d-0a49-4c02-bd96-e1a1aca08711,Must-Read Series
d7730911-8789-4ecc-8e38-2d4c87de4fac,Books to Recommend to Friends
0448bb79-03ce-438c-9b13-83c000d402fd,Books You Canâ€™t Miss
b4b0b751-e588-4898-b624-b55e2fac46e1,Epic Book Adventures
764d4b94-a68e-4075-a7d6-509bef54ff95,Books for the Heart
39b65ee2-3482-4b6d-a5bb-6c1567b3f297,Books for Relaxation
6ef31096-f6da-4134-b360-4595a4e9f558,Best Reads for Winter
18d680bb-5dcf-4738-b6f2-1ddcfd805933,Book Recommendations
0e3b2da9-f889-47f6-8e19-ae167c8766e4,Books for Book Addicts
3d8c5805-1916-4816-8126-05dcad05d0a4,Books to Keep You Up at Night
26038e3e-ebb7-4150-83a4-64bb66c48b6d,Fantastic Fantasy Finds
6f34e4af-aacc-48f1-9e76-cbc7de2aace9,Seasonal Reading
01bac0c0-2f85-41d5-ba5f-4a750b458b55,Time-Travel Tales
abc763c3-2ca9-4e57-aa30-e61f27b76893,Historical Must-Reads
b536b6e4-e822-4745-b9b6-4c11980bf578,Personal Book Collection
7d64fdad-e28b-43b8-b1b6-ebeeb74cc7a0,Books to Escape Into
debe3ce9-6c18-4c7d-a92f-7c5c4c8b8cfd,Books to Improve Your Life
e75ff432-80ea-43a5-b813-06bcca7713c3,Books for a Good Laugh
94fdc832-ece9-46bf-903b-447ec1e076e0,My TBR Pile
ea8d15a3-dea8-4b03-b810-424225bd31fa,Fiction to Feel
b69e98fe-5e3f-41a5-9d6f-5e2e207f65fd,Books That Challenge My Thinking
c4664c58-2d88-4587-995a-6341897d8adc,The Best Memoirs
09aa185c-132d-4791-aa46-5b8cd4f41500,Books Iâ€™d Like to Discuss
234916b4-fb35-42db-a6dc-61e4bdbc154b,Adventure Reads for All Ages
65455b38-f28b-4fb1-8d3e-375349cd5236,Literary Favorites
ac6300a1-2140-475e-9408-1e391bb58e3f,Books for Dreaming
14801900-a2c9-4611-af91-2f465f148a5f,Must-Read Histories
494a2dbd-968d-41c5-b387-30eff75d99df,The Books You Need
c9c940a5-e61a-4894-bd6b-72c40c9c3ccd,Books for Every Mood
95a97f81-fbd8-4c3c-9639-0504251ce8dd,Classic Must-Haves
e0e3422b-459b-45ed-8346-2addde981ab1,Reading for Personal Growth
3f734e72-ecdd-4260-ba06-15ae15ec055b,Favorite Fictional Worlds
a9dd950f-19ad-4292-8b68-c7dd46eda7ee,Books to Get Lost In
cca3d975-5319-4d9f-989e-ec38f1e76017,Books Youâ€™ll Love Forever
baa748a1-0f5e-4846-a05d-7889c0d966f5,Travel Books to Inspire
ab8b04da-a515-48b9-aca7-e3a68e3bc85e,A Journey Through Books
ee56fe31-a6eb-426f-b4e2-0a9f119bd4d1,The Ultimate Book Collection
cc4a5b87-ab8a-43b2-bc88-b24ab4608203,Favorite Reads of the Decade
c843a62d-135d-4ba7-85a7-b8732c2962d4,Fiction Youâ€™ll Enjoy
a07fefb5-9dcc-471f-ba23-8808372279e2,Books for Changing Your Life
e0ec9f2b-8d2c-4f63-a4f9-3c78c9fb85bc,Novel Favorites
35934687-420c-4e9a-a9ed-544d79aec6aa,Fun Fiction Selections
3ce12706-1208-4f28-8894-9c6402b54a4a,Books That Last
03480214-6ba4-4eed-b597-606ffc05e14c,Books for Discovering New Worlds
19347224-6c50-4d9e-a704-f02d4b2facf8,Classic Adventures
75ce149f-124e-4c6a-a71e-c45171b523e8,Exciting New Releases
b369f3bf-59aa-4641-b657-9d0374e09bdd,The Essential Book List
5bac5449-9bb7-4403-b070-f7fe44d25078,Books to Brighten Your Day
ab848b28-d4d9-43aa-9a8c-3cd541985996,Books for the Adventurous Spirit
1d10c3af-0954-47a3-a64d-7a4059daca3a,Great New Fiction
e6a5100f-0be6-4b95-81a3-897397d4c23f,Books for Personal Development
e0732c07-6fcd-4677-b381-64228b3ba80b,Fantasy Selections
51814a41-9fcd-469d-80f8-61fed729c366,Historical Gems
8e816566-5d73-4f8d-b819-2722154a9c2c,The Best Fiction for You
bbce41a5-4fd9-4b75-aa28-057d1321b389,Unmissable Books
c43ce859-7be1-4b4a-a7ce-86931acc948a,Endless Reading
83732c56-80e4-484b-8c23-8fc033c0662f,Books to Share with Loved Ones
9b848aa9-544f-491a-9dd2-a48dc6bf08f8,The Bookwormâ€™s Treasure
0fc31384-52c9-46e8-a794-9a58b77f9924,Books for Cozy Nights
d41461c5-0016-4dcf-a487-779a33861e7f,My Top Reads
e7d34d7e-4ae9-4e9f-a278-4e85f9d11f2b,Top Fiction to Read
247e1323-8506-456b-bfb1-0ca2761e9456,Must-Read Recommendations
7640ca0d-3a46-4880-9e6e-6d0f2207106a,Books for the Curious Mind
a291ed32-2d9f-4ff1-8f66-76641ef206af,The Perfect Book Collection
8c2af22b-28cb-414f-b350-c8e8d58bbe91,Adventure
0dc3baeb-7aff-41c3-acc7-51c87817ddd1,Mystery
a111febf-70be-4a04-9bc4-8ab214505bbf,Romance
82c3d5e3-e50b-4830-804f-97ad66df9ed3,Reading for Fun
cbe4a36a-4bcb-4956-bcd1-9dde8440ff4a,Books for a Lifetime
9337d39c-e18d-4d88-abd6-6a2d74170a86,Reading Dreams
8227070c-5b4f-4f35-ac5c-eeade59e5737,Book Selections for Every Season
2f3f1cf6-b729-4846-b380-cca300725d0a,Books I Canâ€™t Wait to Read
2e363b07-db4c-453f-b019-55e3f5d455f1,The Ultimate Fiction Guide
bbb892f5-fe59-44df-b711-6989450a87be,Best Memoirs to Read
80dd5bd6-e0ef-431b-afc0-e147b7dc9591,The Best Adventure Reads
a86f67c2-34df-4c87-8ade-6cced4c30f4e,The Greatest Literary Works
6da844dc-7041-4403-9250-60f790d34d7f,Book Loversâ€™ Picks
7ce016f6-4af4-4484-a931-0cdbc39c014a,Books for Finding Inspiration
7482f2ca-cab4-4970-9c97-d9f5f3c0a15b,Must-Have Novels for 2025
f7a176e9-c0b5-488e-8951-510a752969ef,New and Exciting Reads
d07a20c4-e948-4e02-8c7b-994f2b789f02,Books Youâ€™ll Want to Read
01b1fc25-bbaa-42f0-ac08-c9fc284f811d,Favorite Short Story Collections
520e036c-4b96-4080-bc13-c387106c655a,Adventure in Every Page
cf2c6e7f-32c9-471a-a78e-48e4130bb3fb,Curated Book List
fb5e3830-7d6c-46c5-a394-f0573d1b8ad1,Favorites on My Bookshelf
f984093a-13d9-429b-bd31-a42dfbddff6c,Fiction I Canâ€™t Wait to Finish
b9df83c0-d7f7-4e3e-9fb0-858ca81dba11,The Best of Classic Literature
88114836-85d6-44fb-bea1-7b76dd99639c,Books for Escaping Reality
f99cdafb-a01c-4f2d-8899-db27158aebc3,The Fantasy Collection
cc644695-f010-4f75-8475-b468ab8b63ea,Recommended Book Selections
f6415f2b-6d9e-4bfe-b66b-6565154952fc,Fiction for Reflection
b59a8ed3-f33e-4309-bf30-927492a2bc13,A World of Books
