GENRES,ID
 Academic ,1
 Academic user,2
 Academic-Academia ,3
 Academic-College ,4
 Academic-College user,5
 Academic-Grad School ,6
 Academic-Grad School user,7
 Academic-Read For School ,8
 Academic-Read For School user,9
 Academic-School ,10
 Academic-School -,11
 Academic-School user,12
 Academic-Teachers ,13
 Academic-Teachers user,14
 Action ,15
 Action user,16
 Adolescence ,17
 Adult ,18
 Adult Fiction ,19
 Adult Fiction user,20
 Adult Fiction-Erotica ,21
 Adult Fiction-Erotica user,22
 Adult user,23
 Adventure ,24
 Adventure user,25
 Adventure-Maritime ,26
 Adventure-Pirates ,27
 Adventure-Survival ,28
 Adventure-Survival user,29
 Aeroplanes ,30
 Africa-Eastern Africa ,31
 African Literature-Egyptian Literature ,32
 Africa-Western Africa ,33
 Alcohol-Beer ,34
 Alcohol-Booze ,35
 Alcohol-Cocktails ,36
 Alcohol-Wine ,37
 American History-American Civil War ,38
 American History-American Civil War user,39
 American Revolution-American Revolutionary War ,40
 American Revolution-American Revolutionary War user,41
 American-African American Literature ,42
 American-African American Literature user,43
 American-American Classics ,44
 American-American Fiction ,45
 American-American Fiction user,46
 American-Americana ,47
 American-Southern ,48
 American-Southern user,49
 Amish ,50
 Anarchism ,51
 Animals ,52
 Animals user,53
 Animals-Animal Fiction ,54
 Animals-Animal Fiction user,55
 Animals-Anthropomorphic ,56
 Animals-Birds ,57
 Animals-Cats ,58
 Animals-Cats user,59
 Animals-Dinosaurs ,60
 Animals-Dogs ,61
 Animals-Horses ,62
 Animals-Horses user,63
 Animals-Rabbits ,64
 Animals-Wolves ,65
 Animals-Wolves user,66
 Anthologies ,67
 Anthologies user,68
 Anthologies-Collections ,69
 Anthologies-Collections user,70
 Anthropology ,71
 Anthropology user,72
 Anthropology-Ethnography ,73
 Anthropology-Ethnography user,74
 Apocalyptic-Post Apocalyptic ,75
 Apocalyptic-Post Apocalyptic user,76
 Architecture ,77
 Architecture user,78
 Art ,79
 Art and Photography ,80
 Art and Photography user,81
 Art user,82
 Art-Art Design ,83
 Art-Art Design user,84
 Art-Art History ,85
 Art-Crafts ,86
 Art-Crafts user,87
 Art-Drawing ,88
 Art-Drawing user,89
 Art-Graffiti ,90
 Art-Graffiti user,91
 Artificial Intelligence ,92
 Art-Photography ,93
 Art-Photography -,94
 Art-Photography user,95
 Art-Street Art ,96
 Art-Visual Art ,97
 Art-Woodwork ,98
 Asian Literature-Chinese Literature ,99
 Asian Literature-Indian Literature ,100
 Asian Literature-Indian Literature user,101
 Asian Literature-Indonesian Literature ,102
 Asian Literature-Indonesian Literature user,103
 Asian Literature-Japanese Literature ,104
 Asian Literature-Japanese Literature user,105
 Asian Literature-Turkish Literature ,106
 Astronomy-Planets ,107
 Audiobook ,108
 Audiobook user,109
 Autobiography-Memoir ,110
 Autobiography-Memoir user,111
 Aviation ,112
 Beer-Brewing ,113
 Biblical ,114
 Biblical Fiction ,115
 Biography ,116
 Biography Memoir ,117
 Biography Memoir user,118
 Biography user,119
 Biography-Autobiography ,120
 Biography-Autobiography user,121
 Biography-Music Biography ,122
 Biology-Ecology ,123
 Biology-Ecology user,124
 Biology-Evolution ,125
 Biology-Evolution user,126
 Biology-Genetics ,127
 Biology-Neuroscience ,128
 Book Club ,129
 Book Club user,130
 Buddhism-Zen ,131
 Buisness ,132
 Buisness user,133
 Business ,134
 Business user,135
 Business-Amazon ,136
 Business-Amazon user,137
 Business-Apple ,138
 Business-Entrepreneurship ,139
 Business-Management ,140
 Business-Management user,141
 Canon user,142
 Cartography-Maps ,143
 Category Romance-Harlequin ,144
 Category Romance-Love Inspired ,145
 Category Romance-Loveswept ,146
 Category Romance-Mills and Boon ,147
 Category Romance-Silhouette ,148
 Category Romance-Traditional Regency ,149
 Central Africa-Angola ,150
 Central Africa-Republic Of The Congo ,151
 Childrens ,152
 Childrens user,153
 Childrens-Chapter Books ,154
 Childrens-Chapter Books user,155
 Childrens-Childrens Classics ,156
 Childrens-Juvenile ,157
 Childrens-Juvenile user,158
 Childrens-Middle Grade ,159
 Childrens-Middle Grade user,160
 Childrens-nd Grade ,161
 Childrens-nd Grade user,162
 Childrens-Nursery Rhymes ,163
 Childrens-Picture Books ,164
 Childrens-Picture Books user,165
 Childrens-Pre K ,166
 Childrens-Pre K user,167
 Childrens-School Stories ,168
 Childrens-st Grade ,169
 Childrens-Storytime ,170
 Childrens-Young Readers ,171
 Childrens-Young Readers user,172
 Christian ,173
 Christian -,174
 Christian Fiction ,175
 Christian Fiction user,176
 Christian Fiction-Amish Fiction ,177
 Christian Fiction-Christian Fantasy ,178
 Christian Fiction-Christian Historical Fiction ,179
 Christian user,180
 Christian-Christian Living ,181
 Christian-Christian Living user,182
 Christian-Christian Non Fiction ,183
 Christian-Christian Non Fiction user,184
 Christianity-Catholic ,185
 Christianity-Catholic user,186
 Christianity-Discipleship ,187
 Christianity-Ecclesiology ,188
 Christianity-Lds ,189
 Christianity-Lds user,190
 Christianity-New Testament ,191
 Christianity-New Testament user,192
 Christianity-Old Testament ,193
 Church-Church History ,194
 Cities-Urban Planning ,195
 Cities-Urban Studies ,196
 Cities-Urbanism ,197
 Civil War-English Civil War ,198
 Civil War-Spanish Civil War ,199
 Classics ,200
 Classics user,201
 Classics-Classic Literature ,202
 Classics-Classic Literature user,203
 Classics-Cult Classics ,204
 Classics-Modern Classics ,205
 Colouring Books ,206
 Combat-Martial Arts ,207
 Comics Bd ,208
 Comics Bd user,209
 Comics Manga ,210
 Comics Manga user,211
 Comics-Comic Book ,212
 Comics-Comic Book user,213
 Comics-Superheroes ,214
 Comics-Superheroes user,215
 Computer Science-Algorithms ,216
 Computer Science-Coding ,217
 Computer Science-Computers ,218
 Computer Science-Computers user,219
 Computer Science-Programming ,220
 Computer Science-Software ,221
 Computer Science-Technical ,222
 Computers-Hackers ,223
 Computers-Internet ,224
 Conservation ,225
 Conservation user,226
 Contemporary ,227
 Contemporary Romance-Sports Romance ,228
 Contemporary user,229
 Couture-Fashion ,230
 Couture-Fashion user,231
 Crafts-Knitting ,232
 Crafts-Quilting ,233
 Crafts-Sewing ,234
 Crime-True Crime ,235
 Crime-True Crime user,236
 Criticism ,237
 Criticism user,238
 Criticism-Literary Criticism ,239
 Criticism-Literary Criticism user,240
 Cryptids-Bigfoot user,241
 Cryptids-Yeti ,242
 Cultural ,243
 Cultural user,244
 Cultural-Africa ,245
 Cultural-Africa user,246
 Cultural-African American ,247
 Cultural-African American user,248
 Cultural-Asia ,249
 Cultural-Asia user,250
 Cultural-Australia ,251
 Cultural-Bangladesh ,252
 Cultural-Belgium ,253
 Cultural-Belgium user,254
 Cultural-Bolivia ,255
 Cultural-Brazil ,256
 Cultural-Bulgaria ,257
 Cultural-Canada ,258
 Cultural-Canada user,259
 Cultural-China ,260
 Cultural-China user,261
 Cultural-Counter Culture ,262
 Cultural-Counter Culture user,263
 Cultural-Denmark ,264
 Cultural-Denmark user,265
 Cultural-France ,266
 Cultural-France user,267
 Cultural-Germany ,268
 Cultural-Greece ,269
 Cultural-Greece user,270
 Cultural-Hungary ,271
 Cultural-India ,272
 Cultural-India user,273
 Cultural-International ,274
 Cultural-International user,275
 Cultural-Iran ,276
 Cultural-Ireland ,277
 Cultural-Israel ,278
 Cultural-Italy ,279
 Cultural-Italy user,280
 Cultural-Japan ,281
 Cultural-Kazakhstan ,282
 Cultural-Latin American ,283
 Cultural-Lebanon ,284
 Cultural-Pakistan ,285
 Cultural-Pakistan user,286
 Cultural-Poland ,287
 Cultural-Poland user,288
 Cultural-Portugal ,289
 Cultural-Portugal user,290
 Cultural-Romania ,291
 Cultural-Romania user,292
 Cultural-Russia ,293
 Cultural-Russia -,294
 Cultural-Scotland ,295
 Cultural-Spain ,296
 Cultural-Spain user,297
 Cultural-Sweden ,298
 Cultural-Tasmania ,299
 Cultural-Turkish ,300
 Cultural-Turkish user,301
 Cultural-Ukraine ,302
 Culture-Cultural Studies ,303
 Culture-Film ,304
 Culture-Film user,305
 Culture-Pop Culture ,306
 Culture-Pop Culture user,307
 Culture-Society ,308
 Currency-Money ,309
 Currency-Money user,310
 Dark ,311
 Dark Fantasy-Goth ,312
 Dark user,313
 Dc Comics-Batman ,314
 Dc Comics-Superman ,315
 Dc Comics-Wonder Woman ,316
 Death ,317
 Death user,318
 Design ,319
 Design user,320
 Diary ,321
 Diary user,322
 Diary-Journal ,323
 Diary-Journal user,324
 Diary-Journaling ,325
 Diary-Journaling user,326
 Disability ,327
 Disability user,328
 Disability-Disability Studies ,329
 Doctors ,330
 Drama ,331
 Drama user,332
 Dungeons and Dragons-Dragonlance ,333
 Dungeons and Dragons-Forgotten Realms ,334
 Earth-The World ,335
 Earth-The World user,336
 Eastern Africa-Burundi ,337
 Eastern Africa-Eritrea ,338
 Eastern Africa-Ethiopia ,339
 Eastern Africa-Kenya ,340
 Eastern Africa-Malawi ,341
 Eastern Africa-Mozambique ,342
 Eastern Africa-Rwanda ,343
 Eastern Africa-Rwanda user,344
 Eastern Africa-Somalia ,345
 Eastern Africa-Tanzania ,346
 Eastern Africa-Uganda ,347
 Eastern Africa-Zimbabwe ,348
 Economics ,349
 Economics user,350
 Economics-Finance ,351
 Economics-Finance user,352
 Economics-Frugal ,353
 Education ,354
 Education user,355
 Emergency Services-Firefighters ,356
 Emergency Services-Police ,357
 Engineering-Electrical Engineering ,358
 English History-Tudor Period ,359
 Environment ,360
 Environment user,361
 Environment-Climate Change ,362
 Environment-Green ,363
 Environment-Nature ,364
 Environment-Nature user,365
 Environment-Peak Oil ,366
 Environment-Sustainability ,367
 Epic ,368
 Erotica-BDSM ,369
 Erotica-Menage ,370
 Esoterica-Alchemy ,371
 Esoterica-Astrology ,372
 Esoterica-Spiritualism ,373
 Esoterica-Theosophy user,374
 European History-French Revolution ,375
 European Literature-Albanian Literature ,376
 European Literature-Belgian ,377
 European Literature-British Literature ,378
 European Literature-British Literature user,379
 European Literature-Bulgarian Literature ,380
 European Literature-Czech Literature ,381
 European Literature-Danish ,382
 European Literature-Dutch Literature ,383
 European Literature-Finnish Literature ,384
 European Literature-Finnish Literature user,385
 European Literature-French Literature ,386
 European Literature-French Literature user,387
 European Literature-German Literature ,388
 European Literature-German Literature user,389
 European Literature-Hungarian Literature ,390
 European Literature-Hungarian Literature user,391
 European Literature-Irish Literature ,392
 European Literature-Irish Literature user,393
 European Literature-Italian Literature ,394
 European Literature-Italian Literature user,395
 European Literature-Polish Literature ,396
 European Literature-Portuguese Literature ,397
 European Literature-Portuguese Literature user,398
 European Literature-Romanian Literature ,399
 European Literature-Romanian Literature user,400
 European Literature-Scandinavian Literature ,401
 European Literature-Serbian Literature ,402
 European Literature-Serbian Literature user,403
 European Literature-Spanish Literature ,404
 European Literature-Spanish Literature user,405
 European Literature-Swedish Literature ,406
 European Literature-Swedish Literature user,407
 European Literature-Ukrainian Literature ,408
 Fairies-Fae ,409
 Fairy Tales-Beauty and The Beast ,410
 Fairy Tales-Cinderella ,411
 Fairy Tales-Fairy Tale Retellings ,412
 Fairy Tales-Princesses ,413
 Family ,414
 Family Law-Divorce ,415
 Family Law-Divorce user,416
 Family Law-Fostering ,417
 Family user,418
 Fan Fiction ,419
 Fantasy ,420
 Fantasy -,421
 Fantasy user,422
 Fantasy-Comic Fantasy ,423
 Fantasy-Dark Fantasy ,424
 Fantasy-Dragons ,425
 Fantasy-Dragons user,426
 Fantasy-Epic Fantasy ,427
 Fantasy-Epic Fantasy user,428
 Fantasy-Fairy Tales ,429
 Fantasy-Fairy Tales user,430
 Fantasy-Heroic Fantasy ,431
 Fantasy-High Fantasy ,432
 Fantasy-High Fantasy user,433
 Fantasy-Low Fantasy user,434
 Fantasy-Magic ,435
 Fantasy-Magic user,436
 Fantasy-Mythology ,437
 Fantasy-Mythology user,438
 Fantasy-Paranormal ,439
 Fantasy-Paranormal user,440
 Fantasy-Supernatural ,441
 Fantasy-Supernatural user,442
 Fantasy-Unicorns ,443
 Fantasy-Urban Fantasy ,444
 Fantasy-Urban Fantasy user,445
 Fantasy-Weird Fiction ,446
 Fantasy-Weird Fiction user,447
 Fat-Fat Acceptance ,448
 Fat-Fat Studies ,449
 Favorites ,450
 Female Authors ,451
 Female Authors user,452
 Feminism ,453
 Feminism user,454
 Feminism-Womens Studies ,455
 Feminism-Womens Studies user,456
 Fiction ,457
 Fiction -,458
 Fiction user,459
 Finance-Personal Finance ,460
 Finance-Personal Finance user,461
 Folk Tales ,462
 Folk Tales user,463
 Folk Tales-Fables ,464
 Folklore ,465
 Folklore user,466
 Folklore-Monsters ,467
 Folklore-Monsters user,468
 Food and Drink ,469
 Food and Drink user,470
 Food and Drink-Cookbooks ,471
 Food and Drink-Cookbooks user,472
 Food and Drink-Cooking ,473
 Food and Drink-Cooking user,474
 Food and Drink-Cuisine ,475
 Food and Drink-Culinary ,476
 Food and Drink-Culinary user,477
 Food and Drink-Diets ,478
 Food and Drink-Food ,479
 Food and Drink-Food user,480
 Food and Drink-Food Writing ,481
 Food and Drink-Foodie ,482
 Food and Drink-Gastronomy ,483
 Food and Drink-Tea ,484
 Food and Drink-Vegan ,485
 Food and Drink-Vegetarian ,486
 Football ,487
 Futurism ,488
 Futurism user,489
 Futuristic ,490
 Futuristic user,491
 Gamebooks-Choose Your Own Adventure ,492
 Games-Chess ,493
 Games-Game Design ,494
 Games-Gaming ,495
 Games-Go ,496
 Games-Role Playing Games ,497
 Games-Video Games ,498
 Games-Video Games user,499
 Gardening ,500
 Gardening user,501
 Gardening-Horticulture ,502
 Gay Romance-Gay For You ,503
 Gay-Gay Fiction ,504
 Gender ,505
 Gender-Gender Studies ,506
 Geography-Cartography ,507
 Geography-Cities ,508
 Geology-Palaeontology ,509
 German History-Nazi Party ,510
 GLBT-Lesbian ,511
 GLBT-Queer ,512
 GLBT-Queer Studies ,513
 GLBT-Queer user,514
 Gothic ,515
 Gothic user,516
 Gothic-Gothic Romance ,517
 Gothic-Southern Gothic ,518
 Graphic Novels Comics ,519
 Graphic Novels Comics user,520
 Graphic Novels Manga ,521
 Harlequin-Harlequin Blaze ,522
 Harlequin-Harlequin Desire ,523
 Harlequin-Harlequin Heartwarming ,524
 Harlequin-Harlequin Historical ,525
 Harlequin-Harlequin Nocturne ,526
 Harlequin-Harlequin Presents ,527
 Harlequin-Hqn ,528
 Health ,529
 Health user,530
 Health-Aspergers user,531
 Health-Fat ,532
 Health-Health Care ,533
 Health-Illness ,534
 Health-Medicine ,535
 Health-Medicine user,536
 Health-Mental Health ,537
 Health-Mental Health user,538
 Health-Nutrition ,539
 Health-Nutrition user,540
 Heroic Fantasy-Sword and Sorcery ,541
 Historical ,542
 Historical Fiction-Historical Fantasy ,543
 Historical Fiction-Naval Historical Fiction ,544
 Historical Fiction-Prehistoric ,545
 Historical Romance-Medieval Romance ,546
 Historical Romance-Regency Romance ,547
 Historical Romance-Victorian Romance ,548
 Historical Romance-Western Historical Romance ,549
 Historical Romance-Western Historical Romance user,550
 Historical user,551
 Historical-Edwardian user,552
 Historical-Georgian ,553
 Historical-Historical Fiction ,554
 Historical-Historical Fiction user,555
 Historical-Medieval ,556
 Historical-Medieval user,557
 Historical-Plantagenet ,558
 Historical-Regency ,559
 Historical-Stuart ,560
 Historical-Victorian ,561
 Historical-Victorian user,562
 History ,563
 History and Politics ,564
 History and Politics user,565
 History user,566
 History-Ancient History ,567
 History-Ancient History user,568
 History-Archaeology ,569
 History-European History ,570
 History-European History user,571
 History-Food History ,572
 History-Japanese History ,573
 History-Latin American History ,574
 History-Local History user,575
 History-Medieval History ,576
 History-Medieval History user,577
 History-Microhistory ,578
 History-Oral History ,579
 History-Prehistory ,580
 History-Russian History ,581
 History-Russian History user,582
 History-World History ,583
 History-World History user,584
 Holiday ,585
 Holiday user,586
 Holiday-Christmas ,587
 Holiday-Halloween ,588
 Holiday-Halloween user,589
 Horror ,590
 Horror -,591
 Horror user,592
 Horror-Bizarro Fiction ,593
 Horror-Erotic Horror ,594
 Horror-Erotic Horror user,595
 Horror-Ghost Stories ,596
 Horror-Lovecraftian ,597
 Horror-Splatterpunk ,598
 Horror-Victor Frankenstein ,599
 Horror-Zombies ,600
 How To ,601
 How To user,602
 Hugo Awards ,603
 Humanities ,604
 Humanities-Classical Studies ,605
 Humanities-Language ,606
 Humanities-Language user,607
 Humanities-Linguistics ,608
 Humanities-Linguistics user,609
 Humor ,610
 Humor user,611
 Humor-Comedian ,612
 Humor-Comedian user,613
 Humor-Comedy ,614
 Humor-Comedy user,615
 Illness-Disease ,616
 Inspirational ,617
 Inspirational user,618
 International Dev...-Human Development ,619
 International Dev...-Human Development user,620
 International Rel...-International Development ,621
 Jewellery ,622
 Judaism-Judaica ,623
 Judaism-Judaica user,624
 k ,625
 Kids ,626
 Kids user,627
 Labor ,628
 Labor user,629
 Language-Communication ,630
 Language-Writing ,631
 Language-Writing user,632
 Law ,633
 Law user,634
 Lds-Lds Fiction ,635
 Lds-Lds Fiction user,636
 Lds-Lds Non Fiction ,637
 Lds-Mormonism ,638
 Lds-Mormonism user,639
 Leadership ,640
 Leadership user,641
 Lesbian-Lesbian Fiction ,642
 LGBT ,643
 LGBT user,644
 LGBT-Asexual ,645
 LGBT-Bisexual ,646
 LGBT-Gay ,647
 LGBT-Gay user,648
 LGBT-Genderqueer ,649
 LGBT-Transgender ,650
 Library Science-Information Science ,651
 Linguistics-Semiotics ,652
 Linguistics-Semiotics user,653
 Literary Fiction ,654
 Literary Fiction user,655
 Literature ,656
 Literature user,657
 Literature-African Literature ,658
 Literature-American ,659
 Literature-American user,660
 Literature-Ancient ,661
 Literature-Asian Literature ,662
 Literature-Banned Books ,663
 Literature-Banned Books user,664
 Literature-Canadian Literature ,665
 Literature-English Literature ,666
 Literature-European Literature ,667
 Literature-European Literature user,668
 Literature-Jewish ,669
 Literature-Jewish user,670
 Literature-Latin American Literature ,671
 Literature-Marathi ,672
 Literature-Multicultural Literature ,673
 Literature-Post Colonial ,674
 Literature-Russian Literature ,675
 Literature-Russian Literature user,676
 Literature-st Century ,677
 Literature-st Century user,678
 Literature-th Century ,679
 Literature-th Century user,680
 Love ,681
 Love Inspired-Love Inspired Historical ,682
 Love user,683
 Lovecraftian-Cthulhu Mythos ,684
 M M Romance-M M Contemporary ,685
 M M Romance-M M Fantasy ,686
 M M Romance-M M Historical Romance ,687
 M M Romance-M M Horror user,688
 M M Romance-M M Science Fiction ,689
 Magical Realism ,690
 Magical Realism user,691
 Manga-Josei ,692
 Manga-Manga Romance ,693
 Manga-Manhwa ,694
 Manga-Seinen ,695
 Manga-Seinen user,696
 Manga-Shojo ,697
 Manga-Shonen ,698
 Manga-Yaoi ,699
 Manga-Yuri ,700
 Marriage ,701
 Martial Arts-Mixed Martial Arts ,702
 Marvel-Spider Man ,703
 Marvel-X Men ,704
 Mathematics-Geometry ,705
 Mathematics-Number ,706
 Mathematics-Number user,707
 Media Tie In ,708
 Media Tie In user,709
 Media Tie In-Anime ,710
 Media Tie In-Anime user,711
 Media Tie In-Babylon  ,712
 Media Tie In-Buffy The Vampire Slayer ,713
 Media Tie In-Doctor Who ,714
 Media Tie In-Star Trek ,715
 Media Tie In-Star Wars ,716
 Media Tie In-Tv ,717
 Media Tie In-Tv user,718
 Medical ,719
 Medical user,720
 Medicine-Psychiatry ,721
 Medicine-Psychiatry user,722
 Medievalism-Romanticism ,723
 Menage-M F M ,724
 Menage-M M F ,725
 Menage-M M F user,726
 Menage-M M M ,727
 Mental Health-Mental Illness ,728
 Mental Health-Mental Illness user,729
 Military Fiction-Military Romance ,730
 Military History-American Revolution ,731
 Military History-Civil War ,732
 Military History-Naval History ,733
 Military-Military History ,734
 Military-Military History user,735
 Mine ,736
 Mmorpg-World Of Warcraft ,737
 Modern ,738
 Modern user,739
 Mountaineering-Climbing ,740
 Mountaineering-Climbing user,741
 Museology ,742
 Museology user,743
 Museology-Curation user,744
 Museology-Museums ,745
 Music ,746
 Music user,747
 Music-Hip Hop ,748
 Music-Jazz ,749
 Music-Musicals ,750
 Music-Musicians ,751
 Music-Punk ,752
 Music-Rock N Roll ,753
 Mystery ,754
 Mystery user,755
 Mystery-Cozy Mystery ,756
 Mystery-Cozy Mystery user,757
 Mystery-Crime ,758
 Mystery-Crime user,759
 Mystery-Detective ,760
 Mystery-Detective user,761
 Mystery-Golden Age Mystery ,762
 Mystery-Hard Boiled ,763
 Mystery-Historical Mystery ,764
 Mystery-Murder Mystery ,765
 Mystery-Noir ,766
 Mystery-Paranormal Mystery ,767
 Mythology-Arthurian ,768
 Mythology-Gods ,769
 Mythology-Greek Mythology ,770
 Mythology-Mermaids ,771
 Mythology-Mermaids user,772
 Native Americans ,773
 Native Americans user,774
 Nature-Ornithology ,775
 Nature-Outdoors ,776
 Nature-Plants ,777
 Nature-Plants user,778
 Neuroscience-Brain ,779
 New Adult ,780
 New Adult user,781
 New Adult-New Adult Romance ,782
 New York ,783
 New York user,784
 Nobel Prize ,785
 Nonfiction ,786
 Nonfiction user,787
 North American Hi...-American History ,788
 North American Hi...-American History user,789
 Northern Africa-Algeria ,790
 Northern Africa-Egypt ,791
 Northern Africa-Libya ,792
 Northern Africa-Morocco ,793
 Northern Africa-Sudan ,794
 Novella ,795
 Novella user,796
 Novels ,797
 Novels user,798
 Novels-Light Novel ,799
 Number-Counting ,800
 Nurses-Nursing ,801
 Occult ,802
 Occult user,803
 Occult-Divination ,804
 Occult-Magick ,805
 Occult-Mysticism ,806
 Occult-Mysticism user,807
 Occult-Tarot ,808
 Occult-Tarot user,809
 Outdoors-Wilderness ,810
 Own ,811
 Own user,812
 Paranormal-Angels ,813
 Paranormal-Angels user,814
 Paranormal-Demons ,815
 Paranormal-Esp ,816
 Paranormal-Fairies ,817
 Paranormal-Ghosts ,818
 Paranormal-Ghosts user,819
 Paranormal-Shapeshifters ,820
 Paranormal-Shapeshifters user,821
 Paranormal-Vampires ,822
 Paranormal-Vampires user,823
 Paranormal-Witches ,824
 Paranormal-Witches user,825
 Paranormal-Wizards ,826
 Parenting ,827
 Parenting user,828
 Parenting-Adoption ,829
 Parenting-Adoption user,830
 Philosophy ,831
 Philosophy user,832
 Philosophy-Deception ,833
 Philosophy-Eastern Philosophy ,834
 Philosophy-Eastern Philosophy user,835
 Philosophy-Logic ,836
 Philosophy-Metaphysics ,837
 Philosophy-Metaphysics user,838
 Philosophy-Skepticism ,839
 Philosophy-Thelema ,840
 Philosophy-Theory ,841
 Philosophy-Theory user,842
 Physics-Quantum Mechanics ,843
 Plants-Herbs ,844
 Plays ,845
 Plays-Theatre ,846
 Plays-Theatre user,847
 Poetry ,848
 Poetry Plays ,849
 Poetry user,850
 Political Science-International Relations ,851
 Politics ,852
 Politics user,853
 Politics-Far Right ,854
 Politics-Government ,855
 Politics-Government user,856
 Politics-Political Science ,857
 Politics-Political Science user,858
 Politics-Presidents ,859
 Politics-Presidents user,860
 Polyamorous-Harem ,861
 Polyamorous-Reverse Harem ,862
 Polyamory ,863
 Polyamory-Polygamy ,864
 Pop Culture-Fandom ,865
 Pop Culture-Nerd ,866
 Pop Culture-Nerd user,867
 Pornography user,868
 Prayer ,869
 Presidents-Us Presidents ,870
 Productivity ,871
 Productivity user,872
 Pseudoscience-Conspiracy Theories ,873
 Pseudoscience-Conspiracy Theories user,874
 Pseudoscience-Creation Science ,875
 Pseudoscience-Cryptozoology ,876
 Pseudoscience-Naturopathy ,877
 Psychology ,878
 Psychology user,879
 Psychology-Counselling ,880
 Psychology-Counselling user,881
 Psychology-Emotion ,882
 Psychology-Psychoanalysis ,883
 Pulp ,884
 Pulp user,885
 Punk-Punx ,886
 Queer-Queer Lit ,887
 Race ,888
 Race user,889
 Race-Anti Racist ,890
 Race-Anti Racist user,891
 Realistic Fiction ,892
 Realistic Fiction user,893
 Realistic Fiction-Slice Of Life ,894
 Reference ,895
 Reference user,896
 Reference-Dictionaries ,897
 Reference-Field Guides ,898
 Reference-Guidebook user,899
 Reference-Guides ,900
 Reference-Research ,901
 Reference-Research user,902
 Reference-Trivia ,903
 Reference-Trivia user,904
 Relationships ,905
 Relationships user,906
 Religion ,907
 Religion user,908
 Religion-Atheism ,909
 Religion-Baha I ,910
 Religion-Buddhism ,911
 Religion-Christianity ,912
 Religion-Christianity user,913
 Religion-Church ,914
 Religion-Cults ,915
 Religion-Cults user,916
 Religion-Esoterica ,917
 Religion-Esoterica user,918
 Religion-Faith ,919
 Religion-Faith user,920
 Religion-God ,921
 Religion-God user,922
 Religion-Hinduism ,923
 Religion-Hinduism user,924
 Religion-Islam ,925
 Religion-Islam user,926
 Religion-Judaism ,927
 Religion-Judaism user,928
 Religion-Paganism ,929
 Religion-Scripture ,930
 Religion-Taoism ,931
 Religion-Theology ,932
 Religion-Theology user,933
 Religion-Wicca ,934
 Religion-Wicca user,935
 Reportage ,936
 Retellings ,937
 Retellings user,938
 Rock N Roll-Led Zeppelin ,939
 Role Playing Games-Dungeons and Dragons ,940
 Role Playing Games-World Of Darkness ,941
 Roman ,942
 Roman user,943
 Romance ,944
 Romance user,945
 Romance-African American Romance ,946
 Romance-African American Romance user,947
 Romance-Category Romance ,948
 Romance-Christian Romance ,949
 Romance-Christian Romance user,950
 Romance-Clean Romance ,951
 Romance-Clean Romance user,952
 Romance-Contemporary Romance ,953
 Romance-Contemporary Romance user,954
 Romance-Erotic Romance ,955
 Romance-Erotic Romance user,956
 Romance-Fantasy Romance ,957
 Romance-Fantasy Romance user,958
 Romance-Historical Romance ,959
 Romance-Historical Romance user,960
 Romance-Interracial Romance ,961
 Romance-Lesbian Romance ,962
 Romance-Love Story ,963
 Romance-M F Romance ,964
 Romance-M F Romance user,965
 Romance-M M Romance ,966
 Romance-M M Romance user,967
 Romance-Paranormal Romance ,968
 Romance-Paranormal Romance user,969
 Romance-Romantic Suspense ,970
 Romance-Romantic Suspense user,971
 Romance-Science Fiction Romance ,972
 Romance-Time Travel Romance ,973
 Romance-Western Romance ,974
 Romantic ,975
 Romantic user,976
 Russian History-Romanovs ,977
 Russia-Soviet History ,978
 Satanism ,979
 Scandinavian Lite...-Nordic Noir ,980
 School Stories-Boarding School ,981
 Sci Fi Fantasy ,982
 Science ,983
 Science Fiction ,984
 Science Fiction -,985
 Science Fiction Fantasy ,986
 Science Fiction Fantasy user,987
 Science Fiction R...-Futuristic Romance ,988
 Science Fiction user,989
 Science Fiction-Aliens ,990
 Science Fiction-Aliens user,991
 Science Fiction-Alternate History ,992
 Science Fiction-Alternate History user,993
 Science Fiction-Alternate Universe ,994
 Science Fiction-Apocalyptic ,995
 Science Fiction-Climate Change Fiction ,996
 Science Fiction-Cyberpunk ,997
 Science Fiction-Cyberpunk user,998
 Science Fiction-Dying Earth ,999
 Science Fiction-Dystopia ,1000
 Science Fiction-Dystopia user,1001
 Science Fiction-Hard Science Fiction ,1002
 Science Fiction-Military Science Fiction ,1003
 Science Fiction-Military Science Fiction user,1004
 Science Fiction-Robots ,1005
 Science Fiction-Steampunk ,1006
 Science Fiction-Steampunk user,1007
 Science Fiction-Time Travel ,1008
 Science Fiction-Utopia ,1009
 Science Nature ,1010
 Science user,1011
 Science-Agriculture ,1012
 Science-Astronomy ,1013
 Science-Biology ,1014
 Science-Biology user,1015
 Science-Chemistry ,1016
 Science-Computer Science ,1017
 Science-Computer Science user,1018
 Science-Earth Sciences user,1019
 Science-Engineering ,1020
 Science-Engineering user,1021
 Science-Geography ,1022
 Science-Geology ,1023
 Science-History Of Science ,1024
 Science-Mathematics ,1025
 Science-Mathematics user,1026
 Science-Natural History ,1027
 Science-Physics ,1028
 Science-Physics user,1029
 Science-Popular Science ,1030
 Science-Technology ,1031
 Science-Technology user,1032
 Science-Vaccines ,1033
 Self Help ,1034
 Self Help user,1035
 Self Help-Personal Development ,1036
 Self Help-Personal Development user,1037
 Sequential Art ,1038
 Sequential Art user,1039
 Sequential Art-Bande DessinÃƒÂ©e ,1040
 Sequential Art-Bande DessinÃƒÂ©e user,1041
 Sequential Art-Cartoon ,1042
 Sequential Art-Comic Strips ,1043
 Sequential Art-Comic Strips user,1044
 Sequential Art-Comics ,1045
 Sequential Art-Comics user,1046
 Sequential Art-Comix ,1047
 Sequential Art-Graphic Novels ,1048
 Sequential Art-Graphic Novels user,1049
 Sequential Art-Komik ,1050
 Sequential Art-Manga ,1051
 Sequential Art-Webcomic ,1052
 Sex Work-Prostitution ,1053
 Sexuality ,1054
 Sexuality user,1055
 Sexuality-Sex Work ,1056
 Shapeshifters-Werewolves ,1057
 Shapeshifters-Werewolves user,1058
 Short Stories ,1059
 Short Stories -,1060
 Short Stories user,1061
 Short Stories-Short Story Collection ,1062
 Short Stories-Short Story Collection user,1063
 Soccer ,1064
 Social ,1065
 Social Issues ,1066
 Social Issues user,1067
 Social Issues-Activism ,1068
 Social Issues-Activism user,1069
 Social Issues-Class ,1070
 Social Issues-Poverty ,1071
 Social Issues-Poverty user,1072
 Social Justice-Social Change ,1073
 Social Movements-Social Justice ,1074
 Social Movements-Social Justice user,1075
 Social Science ,1076
 Social Science user,1077
 Social Science-Social Media ,1078
 Social Science-Social Media user,1079
 Social Science-Social Work ,1080
 Social user,1081
 Sociology ,1082
 Sociology user,1083
 Sociology-Abuse ,1084
 Sociology-Abuse -,1085
 Southern Africa-Botswana ,1086
 Southern Africa-Namibia ,1087
 Southern Africa-South Africa ,1088
 Southern Africa-South Africa user,1089
 Space ,1090
 Space user,1091
 Space-Space Opera ,1092
 Space-Space Opera user,1093
 Speculative Fiction ,1094
 Speculative Fiction user,1095
 Spirituality ,1096
 Spirituality user,1097
 Spirituality-New Age ,1098
 Spirituality-New Age user,1099
 Sports and Games-Games ,1100
 Sports and Games-Games user,1101
 Sports-Baseball ,1102
 Sports-Basketball ,1103
 Sports-Cycling ,1104
 Sports-Figure Skating ,1105
 Sports-Fitness ,1106
 Sports-Fitness user,1107
 Sports-Hockey ,1108
 Sports-Horse Racing ,1109
 Sports-Mountaineering ,1110
 Sports-Sports ,1111
 Sports-Sports user,1112
 Spy Thriller-Espionage ,1113
 Spy Thriller-Espionage user,1114
 Star Trek-Star Trek Deep Space Nine ,1115
 Star Trek-Star Trek The Next Generation ,1116
 Star Trek-Star Trek Voyager ,1117
 Subways-London Underground ,1118
 Superheroes-Dc Comics ,1119
 Superheroes-Marvel ,1120
 Surreal ,1121
 Suspense ,1122
 Suspense user,1123
 Teaching ,1124
 Teaching user,1125
 Textbooks ,1126
 Textbooks user,1127
 The United States Of America ,1128
 The United States Of America user,1129
 Thriller ,1130
 Thriller user,1131
 Thriller-Legal Thriller ,1132
 Thriller-Mystery Thriller ,1133
 Thriller-Mystery Thriller user,1134
 Thriller-Psychological Thriller ,1135
 Thriller-Spy Thriller ,1136
 Tragedy ,1137
 Tragedy user,1138
 Transgender-Cross Dressing ,1139
 Transport ,1140
 Transport-Aircraft ,1141
 Transport-Cars ,1142
 Transport-Motorcycle ,1143
 Transport-Railways user,1144
 Travel ,1145
 Travel user,1146
 Travel-Road Trip ,1147
 Travel-Travelogue ,1148
 Travel-Walking ,1149
 True Story ,1150
 True Story user,1151
 Unfinished ,1152
 Unfinished user,1153
 United States ,1154
 United States user,1155
 Urban ,1156
 Urban user,1157
 Vegetarian-Vegetarianism ,1158
 War ,1159
 War user,1160
 Warfare-Fighters ,1161
 War-Military Fiction ,1162
 War-Military Fiction user,1163
 War-Soldiers ,1164
 War-Terrorism ,1165
 War-World War I ,1166
 War-World War I user,1167
 War-World War II ,1168
 War-World War II user,1169
 Weird Fiction-New Weird ,1170
 Western Africa-Benin ,1171
 Western Africa-Ghana ,1172
 Western Africa-Ivory Coast ,1173
 Western Africa-Liberia ,1174
 Western Africa-Nigeria ,1175
 Western Africa-Senegal ,1176
 Western Africa-Sierra Leone ,1177
 Westerns ,1178
 Westerns user,1179
 Westerns-Weird West ,1180
 Witchcraft ,1181
 Witchcraft user,1182
 Womens ,1183
 Womens Fiction ,1184
 Womens Fiction user,1185
 Womens Fiction-Chick Lit ,1186
 Womens Fiction-Chick Lit user,1187
 Womens user,1188
 World Of Warcraft-Warcraft ,1189
 World War II-Holocaust ,1190
 World War II-Holocaust user,1191
 Writing-Books About Books ,1192
 Writing-Essays ,1193
 Writing-Essays user,1194
 Writing-Journalism ,1195
 Writing-Journalism user,1196
 Yaoi-Boys Love ,1197
 Yaoi-Shounen Ai ,1198
 Young Adult ,1199
 Young Adult -,1200
 Young Adult user,1201
 Young Adult-Coming Of Age ,1202
 Young Adult-Coming Of Age user,1203
 Young Adult-High School ,1204
 Young Adult-High School user,1205
 Young Adult-Teen ,1206
 Young Adult-Teen user,1207
 Young Adult-Young Adult Contemporary ,1208
 Young Adult-Young Adult Fantasy ,1209
 Young Adult-Young Adult Fantasy user,1210
 Young Adult-Young Adult Historical Fiction ,1211
 Young Adult-Young Adult Paranormal ,1212
 Young Adult-Young Adult Romance ,1213
 Young Adult-Young Adult Science Fiction ,1214
Academic ,1215
Academic user,1216
Academic-Read For School ,1217
Academic-Read For School user,1218
Academic-School ,1219
Academic-School user,1220
Adult ,1221
Adult Fiction user,1222
Adult Fiction-Erotica ,1223
Adult Fiction-Erotica user,1224
Adult user,1225
Adventure ,1226
Adventure user,1227
Adventure-Pirates ,1228
Adventure-Survival ,1229
African Literature-Egyptian Literature user,1230
Alcohol-Beer ,1231
Alcohol-Beer user,1232
Alcohol-Wine ,1233
American-African American Literature user,1234
American-Southern user,1235
Amish ,1236
Amish user,1237
Animals ,1238
Animals user,1239
Animals-Animal Fiction ,1240
Animals-Birds ,1241
Animals-Cats ,1242
Animals-Dinosaurs ,1243
Animals-Dogs ,1244
Animals-Dogs user,1245
Animals-Horses ,1246
Animals-Horses user,1247
Anthologies ,1248
Anthologies user,1249
Anthologies-Collections user,1250
Anthropology ,1251
Anthropology user,1252
Apocalyptic-Post Apocalyptic ,1253
Architecture ,1254
Art ,1255
Art user,1256
Art-Art Design ,1257
Artificial Intelligence ,1258
Art-Photography ,1259
Art-Photography user,1260
Asian Literature-Indian Literature user,1261
Asian Literature-Indonesian Literature ,1262
Asian Literature-Indonesian Literature user,1263
Asian Literature-Japanese Literature ,1264
Asian Literature-Turkish Literature ,1265
Asian Literature-Turkish Literature user,1266
Audiobook ,1267
Audiobook user,1268
Autobiography-Memoir ,1269
Autobiography-Memoir user,1270
Aviation ,1271
Biblical Fiction ,1272
Biography ,1273
Biography Memoir ,1274
Biography Memoir user,1275
Biography user,1276
Biography-Autobiography ,1277
Biography-Autobiography user,1278
Biology-Ecology ,1279
Biology-Evolution ,1280
Biology-Neuroscience ,1281
Book Club ,1282
Book Club user,1283
Business ,1284
Business user,1285
Business-Amazon user,1286
Business-Entrepreneurship user,1287
Business-Management ,1288
Category Romance-Harlequin ,1289
Category Romance-Love Inspired ,1290
Central Africa-Democratic Republic Of The ... user,1291
Childrens ,1292
Childrens user,1293
Childrens-Chapter Books ,1294
Childrens-Chapter Books user,1295
Childrens-Juvenile ,1296
Childrens-Juvenile user,1297
Childrens-Middle Grade ,1298
Childrens-Middle Grade user,1299
Childrens-nd Grade ,1300
Childrens-Picture Books ,1301
Childrens-Picture Books user,1302
Christian ,1303
Christian Fiction user,1304
Christian user,1305
Christian-Christian Living ,1306
Christian-Christian Living user,1307
Christian-Christian Non Fiction ,1308
Christian-Christian Non Fiction user,1309
Christianity-Catholic ,1310
Christianity-Evangelism ,1311
Christianity-Lds ,1312
Christianity-New Testament ,1313
Christianity-Old Testament ,1314
Church-Church History user,1315
Classics ,1316
Classics user,1317
Classics-Classic Literature user,1318
Combat-Martial Arts ,1319
Comics-Comic Book ,1320
Comics-Comic Book user,1321
Comics-Superheroes ,1322
Comics-Superheroes user,1323
Computer Science-Computers ,1324
Computer Science-Programming ,1325
Computers-Internet user,1326
Contemporary ,1327
Contemporary user,1328
Couture-Fashion ,1329
Crafts-Quilting ,1330
Crime-True Crime ,1331
Crime-True Crime user,1332
Criticism-Literary Criticism ,1333
Criticism-Literary Criticism user,1334
Cultural ,1335
Cultural-Africa ,1336
Cultural-Africa user,1337
Cultural-African American ,1338
Cultural-African American user,1339
Cultural-Australia ,1340
Cultural-Australia user,1341
Cultural-Brazil ,1342
Cultural-Canada ,1343
Cultural-Canada user,1344
Cultural-China ,1345
Cultural-Counter Culture ,1346
Cultural-France ,1347
Cultural-France user,1348
Cultural-Germany ,1349
Cultural-Germany user,1350
Cultural-India ,1351
Cultural-India user,1352
Cultural-Ireland ,1353
Cultural-Israel ,1354
Cultural-Italy ,1355
Cultural-Italy user,1356
Cultural-Japan ,1357
Cultural-Japan user,1358
Cultural-Lebanon ,1359
Cultural-Pakistan ,1360
Cultural-Poland ,1361
Cultural-Portugal ,1362
Cultural-Romania ,1363
Cultural-Romania user,1364
Cultural-Russia ,1365
Cultural-Russia user,1366
Cultural-Scotland ,1367
Cultural-Scotland user,1368
Cultural-Spain ,1369
Cultural-Turkish ,1370
Culture-Film ,1371
Culture-Film user,1372
Culture-Pop Culture ,1373
Culture-Pop Culture user,1374
Culture-Society user,1375
Currency-Money ,1376
Dark ,1377
Dc Comics-Batman ,1378
Design ,1379
Diary ,1380
Diary-Journal ,1381
Diary-Journal user,1382
Disability ,1383
Disability user,1384
Drama ,1385
Drama user,1386
Dungeons and Dragons-Dragonlance ,1387
Dungeons and Dragons-Forgotten Realms ,1388
Eastern Africa-Ethiopia ,1389
Eastern Africa-Rwanda ,1390
Economics ,1391
Economics user,1392
Economics-Finance ,1393
Economics-Finance user,1394
Education ,1395
Environment ,1396
Environment user,1397
Environment-Nature ,1398
Environment-Nature user,1399
Epic ,1400
Erotica-BDSM ,1401
Erotica-Menage ,1402
Esoterica-Alchemy ,1403
Esoterica-Astrology ,1404
Esoterica-Theosophy ,1405
European Literature-Albanian Literature ,1406
European Literature-British Literature ,1407
European Literature-British Literature user,1408
European Literature-Bulgarian Literature ,1409
European Literature-Czech Literature ,1410
European Literature-Danish ,1411
European Literature-Dutch Literature ,1412
European Literature-Dutch Literature user,1413
European Literature-Finnish Literature ,1414
European Literature-French Literature ,1415
European Literature-French Literature user,1416
European Literature-German Literature ,1417
European Literature-German Literature user,1418
European Literature-Hungarian Literature ,1419
European Literature-Irish Literature ,1420
European Literature-Italian Literature ,1421
European Literature-Polish Literature ,1422
European Literature-Portuguese Literature ,1423
European Literature-Portuguese Literature user,1424
European Literature-Romanian Literature ,1425
European Literature-Scandinavian Literature ,1426
European Literature-Spanish Literature ,1427
European Literature-Spanish Literature user,1428
European Literature-Swedish Literature ,1429
Fairy Tales-Beauty and The Beast ,1430
Fairy Tales-Fairy Tale Retellings user,1431
Family ,1432
Family Law-Fostering ,1433
Family user,1434
Fantasy ,1435
Fantasy user,1436
Fantasy-Dragons ,1437
Fantasy-Fairy Tales ,1438
Fantasy-Magic ,1439
Fantasy-Mythology ,1440
Fantasy-Mythology user,1441
Fantasy-Paranormal ,1442
Fantasy-Paranormal user,1443
Fantasy-Supernatural ,1444
Fantasy-Urban Fantasy ,1445
Fantasy-Urban Fantasy user,1446
Feminism ,1447
Feminism user,1448
Feminism-Womens Studies user,1449
Fiction ,1450
Fiction user,1451
Folk Tales ,1452
Folk Tales-Fables user,1453
Folklore ,1454
Folklore-Monsters user,1455
Food and Drink-Cookbooks ,1456
Food and Drink-Cookbooks user,1457
Food and Drink-Cooking ,1458
Food and Drink-Cooking user,1459
Food and Drink-Food ,1460
Football ,1461
Gamebooks-Choose Your Own Adventure user,1462
Games-Chess ,1463
Games-Game Design ,1464
Games-Gaming ,1465
Games-Gaming user,1466
Games-Role Playing Games ,1467
Gardening ,1468
Gender user,1469
Gender-Gender Studies ,1470
GLBT-Lesbian ,1471
GLBT-Queer ,1472
GLBT-Queer user,1473
Gothic ,1474
Gothic user,1475
Harlequin-Harlequin Heartwarming ,1476
Health ,1477
Health user,1478
Health-Medicine ,1479
Health-Mental Health ,1480
Health-Mental Health user,1481
Historical ,1482
Historical user,1483
Historical-Historical Fiction ,1484
Historical-Historical Fiction user,1485
Historical-Medieval ,1486
Historical-Regency ,1487
Historical-Victorian user,1488
History ,1489
History user,1490
History- user,1491
History-Ancient History ,1492
History-Local History user,1493
History-World History user,1494
Holiday-Christmas ,1495
Holiday-Halloween ,1496
Horror ,1497
Horror user,1498
Horror-Bizarro Fiction ,1499
Horror-Ghost Stories ,1500
Horror-Ghost Stories user,1501
Horror-Zombies ,1502
Horror-Zombies user,1503
Humanities-Language ,1504
Humanities-Linguistics ,1505
Humor ,1506
Humor user,1507
Humor-Comedy ,1508
Inspirational ,1509
Inspirational user,1510
Language-Communication user,1511
Language-Writing ,1512
Law ,1513
Lds-Lds Fiction ,1514
Leadership ,1515
LGBT ,1516
LGBT user,1517
LGBT-Gay ,1518
Linguistics-Semiotics ,1519
Literature ,1520
Literature user,1521
Literature-American user,1522
Literature-Asian Literature user,1523
Literature-Banned Books ,1524
Literature-Banned Books user,1525
Literature-Canadian Literature user,1526
Literature-Jewish ,1527
Literature-Marathi ,1528
Literature-Russian Literature ,1529
Literature-st Century ,1530
Literature-th Century ,1531
Literature-th Century user,1532
Love Inspired-Love Inspired Suspense ,1533
Love user,1534
Magical Realism ,1535
Manga-Yaoi ,1536
Marriage ,1537
Media Tie In ,1538
Media Tie In-Buffy The Vampire Slayer ,1539
Media Tie In-Doctor Who ,1540
Media Tie In-Star Trek ,1541
Media Tie In-Star Wars ,1542
Medical ,1543
Mental Health-Mental Illness ,1544
Military History-Civil War ,1545
Military History-Civil War user,1546
Military-Military History user,1547
Modern ,1548
Modern user,1549
Music ,1550
Music user,1551
Mystery ,1552
Mystery user,1553
Mystery-Cozy Mystery ,1554
Mystery-Crime ,1555
Mystery-Crime user,1556
Mystery-Detective ,1557
Mystery-Detective user,1558
Mystery-Noir ,1559
Mystery-Noir user,1560
Mythology-Mermaids ,1561
Mythology-Mermaids user,1562
Neuroscience-Brain user,1563
New Adult ,1564
New Adult user,1565
New York user,1566
Nonfiction ,1567
Nonfiction user,1568
North American Hi...-American History ,1569
Northern Africa-Egypt ,1570
Northern Africa-Egypt user,1571
Novels ,1572
Novels user,1573
Novels-Light Novel ,1574
Nurses-Nursing ,1575
Nurses-Nursing user,1576
Occult ,1577
Occult user,1578
Occult-Magick ,1579
Occult-Magick user,1580
Occult-Mysticism user,1581
Occult-Tarot ,1582
Own user,1583
Paranormal-Angels ,1584
Paranormal-Fairies ,1585
Paranormal-Ghosts ,1586
Paranormal-Ghosts user,1587
Paranormal-Shapeshifters ,1588
Paranormal-Shapeshifters user,1589
Paranormal-Vampires ,1590
Paranormal-Vampires user,1591
Paranormal-Witches ,1592
Paranormal-Witches user,1593
Paranormal-Wizards ,1594
Parenting ,1595
Parenting user,1596
Parenting-Adoption ,1597
Philosophy ,1598
Philosophy user,1599
Philosophy-Eastern Philosophy user,1600
Philosophy-Metaphysics ,1601
Philosophy-Theory ,1602
Plays ,1603
Plays user,1604
Plays-Theatre ,1605
Plays-Theatre user,1606
Poetry ,1607
Poetry user,1608
Political Science-International Relations ,1609
Politics ,1610
Politics user,1611
Politics-Political Science user,1612
Polyamorous-Reverse Harem ,1613
Polyamory ,1614
Pop Culture-Nerd ,1615
Prayer ,1616
Productivity ,1617
Pseudoscience-Conspiracy Theories ,1618
Pseudoscience-Cryptozoology ,1619
Pseudoscience-Numerology ,1620
Psychology ,1621
Psychology user,1622
Psychology-Counselling ,1623
Race ,1624
Race-Anti Racist user,1625
Realistic Fiction ,1626
Realistic Fiction-Slice Of Life user,1627
Reference ,1628
Reference user,1629
Reference-Research user,1630
Relationships ,1631
Relationships user,1632
Religion ,1633
Religion user,1634
Religion-Atheism ,1635
Religion-Baha I ,1636
Religion-Buddhism ,1637
Religion-Buddhism user,1638
Religion-Christianity ,1639
Religion-Christianity user,1640
Religion-Church ,1641
Religion-Esoterica ,1642
Religion-Faith ,1643
Religion-Faith user,1644
Religion-Islam ,1645
Religion-Islam user,1646
Religion-Judaism ,1647
Religion-Judaism user,1648
Religion-Paganism ,1649
Religion-Theology ,1650
Religion-Theology user,1651
Religion-Wicca ,1652
Retellings ,1653
Roman ,1654
Roman user,1655
Romance ,1656
Romance user,1657
Romance-African American Romance ,1658
Romance-Christian Romance ,1659
Romance-Contemporary Romance ,1660
Romance-Erotic Romance ,1661
Romance-Fantasy Romance ,1662
Romance-Historical Romance ,1663
Romance-Historical Romance user,1664
Romance-Interracial Romance ,1665
Romance-Love Story user,1666
Romance-M M Romance ,1667
Romance-M M Romance user,1668
Romance-Paranormal Romance ,1669
Romance-Paranormal Romance user,1670
Romance-Romantic Suspense ,1671
Romance-Romantic Suspense user,1672
Romance-Science Fiction Romance user,1673
Romantic user,1674
School Stories-Boarding School ,1675
Science ,1676
Science Fiction ,1677
Science Fiction Fantasy ,1678
Science Fiction Fantasy user,1679
Science Fiction user,1680
Science Fiction-Aliens ,1681
Science Fiction-Alternate History ,1682
Science Fiction-Alternate History user,1683
Science Fiction-Apocalyptic ,1684
Science Fiction-Dystopia ,1685
Science Fiction-Dystopia user,1686
Science Fiction-Steampunk ,1687
Science Fiction-Time Travel ,1688
Science Fiction-Time Travel user,1689
Science user,1690
Science-Computer Science ,1691
Science-Computer Science user,1692
Science-Engineering user,1693
Science-Geography ,1694
Science-Library Science ,1695
Science-Mathematics ,1696
Science-Mathematics user,1697
Science-Natural History user,1698
Science-Physics ,1699
Science-Physics user,1700
Science-Technology ,1701
Science-Technology user,1702
Self Help ,1703
Self Help user,1704
Self Help-Personal Development ,1705
Self Help-Personal Development user,1706
Sequential Art-Bande DessinÃƒÂ©e ,1707
Sequential Art-Bande DessinÃƒÂ©e user,1708
Sequential Art-Comics ,1709
Sequential Art-Comics user,1710
Sequential Art-Graphic Novels ,1711
Sequential Art-Manga ,1712
Sexuality ,1713
Sexuality user,1714
Sexuality-Sex Work ,1715
Shapeshifters-Werewolves ,1716
Short Stories ,1717
Short Stories user,1718
Social Issues-Class user,1719
Sociology ,1720
Sociology user,1721
Sociology-Abuse ,1722
Sociology-Abuse user,1723
Space ,1724
Speculative Fiction user,1725
Spirituality ,1726
Spirituality user,1727
Spirituality-New Age ,1728
Spirituality-New Age user,1729
Sports and Games-Games ,1730
Sports and Games-Games user,1731
Sports-Baseball ,1732
Sports-Baseball user,1733
Sports-Cycling ,1734
Sports-Fitness ,1735
Sports-Hockey ,1736
Sports-Mountaineering ,1737
Sports-Sports ,1738
Sports-Sports user,1739
Spy Thriller-Espionage ,1740
Spy Thriller-Espionage user,1741
Suspense ,1742
Suspense user,1743
Teaching ,1744
Textbooks ,1745
Textbooks user,1746
Thriller ,1747
Thriller user,1748
Thriller-Mystery Thriller ,1749
Thriller-Psychological Thriller ,1750
Travel ,1751
Travel user,1752
Travel-Travelogue ,1753
True Story ,1754
Unfinished user,1755
United States user,1756
Urban ,1757
Urban user,1758
War ,1759
War user,1760
War-Military Fiction ,1761
War-Military Fiction user,1762
War-World War I ,1763
War-World War I user,1764
War-World War II ,1765
War-World War II user,1766
Westerns ,1767
Westerns user,1768
Witchcraft ,1769
Womens Fiction-Chick Lit ,1770
Womens Fiction-Chick Lit user,1771
Womens user,1772
World Of Warcraft-Warcraft ,1773
World War II-Holocaust ,1774
Writing-Books About Books ,1775
Writing-Essays ,1776
Writing-Essays user,1777
Writing-Journalism ,1778
Young Adult user,1779
Young Adult-High School user,1780
Young Adult-Teen user,1781
Young Adult-Young Adult Paranormal user,1782
